Date,Product_ID,Product_Name,Store_ID,Category,Units_Sold,Selling_Price,Discount,Promotion,Holiday_Indicator,Temperature,Day_of_Week,Month,Year,Previous_Sales,Sales
2022-05-14,1052,Product_46,10,Home,360,47.0,19.2,Yes,No,38.1,5,5,2022,291,13671.36
2025-03-06,1026,Product_40,8,Toys,218,258.21,2.5,Yes,Yes,35.1,3,3,2025,236,54882.54
2024-09-08,1022,Product_55,14,Home,52,228.12,10.3,No,No,9.4,6,9,2024,53,10640.43
2023-10-21,1032,Product_57,11,Clothing,337,376.9,32.2,No,No,-4.1,5,10,2023,392,86116.37
2023-10-12,1059,Product_42,1,Clothing,144,234.98,30.1,No,No,22.2,3,10,2023,171,23652.15
2025-07-11,1024,Product_22,6,Grocery,251,175.19,35.0,Yes,No,14.7,4,7,2025,127,28582.25
2022-05-09,1091,Product_36,5,Grocery,428,134.52,24.1,No,No,28.7,0,5,2022,393,43699.09
2024-11-12,1047,Product_26,9,Home,108,142.68,16.9,No,No,18.6,1,11,2024,107,12805.24
2022-10-30,1086,Product_38,4,Electronics,314,464.28,17.1,No,No,-1.6,6,10,2022,344,120854.87
2022-05-22,1068,Product_48,14,Electronics,254,86.71,7.8,Yes,No,6.0,6,5,2022,242,20306.44
2024-02-29,1033,Product_22,5,Grocery,664,494.15,26.0,Yes,No,34.7,3,2,2024,401,242805.54
2026-01-03,1022,Product_30,8,Home,58,166.83,23.4,No,Yes,-3.3,5,1,2026,34,7411.92
2025-01-08,1074,Product_3,2,Home,321,48.75,6.2,No,No,28.2,2,1,2025,389,14678.53
2025-02-15,1033,Product_44,13,Clothing,123,128.1,35.4,No,No,8.1,5,2,2025,122,10178.57
2024-12-12,1024,Product_29,13,Clothing,357,33.92,14.7,No,No,15.4,3,12,2024,436,10329.35
2025-03-25,1093,Product_28,12,Electronics,178,396.06,2.0,No,No,18.9,1,3,2025,183,69088.71
2024-02-09,1048,Product_32,5,Grocery,103,258.71,13.1,No,No,6.3,4,2,2024,13,23156.36
2022-07-12,1004,Product_13,1,Electronics,309,171.81,34.8,No,No,24.3,1,7,2022,248,34614.22
2025-06-13,1049,Product_36,10,Home,75,332.71,36.7,No,No,26.2,4,6,2025,36,15795.41
2023-11-07,1046,Product_44,7,Home,172,317.17,19.6,No,No,-1.2,1,11,2023,142,43860.8
2024-01-21,1086,Product_21,14,Grocery,490,470.24,38.3,No,No,11.8,6,1,2024,361,142167.66
2023-07-11,1071,Product_8,10,Grocery,421,480.82,35.0,No,No,28.5,1,7,2023,284,131576.39
2022-10-01,1019,Product_23,8,Grocery,497,341.94,33.0,No,No,27.5,5,10,2022,357,113862.6
2025-10-22,1015,Product_12,14,Toys,327,409.82,34.4,No,No,19.5,2,10,2025,440,87911.31
2025-03-18,1060,Product_23,12,Clothing,195,397.25,15.3,No,No,30.0,1,3,2025,239,65611.8
2024-08-23,1004,Product_37,7,Home,235,248.2,30.3,No,No,-0.2,4,8,2024,276,40653.92
2023-08-27,1031,Product_7,1,Clothing,46,353.71,23.1,No,No,0.3,6,8,2023,38,12512.14
2025-05-19,1013,Product_45,2,Home,138,43.74,28.8,No,No,24.6,0,5,2025,150,4297.72
2024-03-29,1002,Product_14,7,Clothing,235,380.22,7.1,No,No,26.2,4,3,2024,364,83007.73
2023-10-28,1091,Product_53,8,Grocery,57,481.11,29.3,No,No,31.7,5,10,2023,40,19388.25
2023-11-07,1008,Product_44,1,Toys,146,47.06,38.3,No,No,3.1,1,11,2023,186,4239.26
2022-12-07,1000,Product_17,2,Home,66,418.88,12.1,No,No,18.3,2,12,2022,76,24300.9
2022-05-19,1093,Product_34,10,Home,437,466.83,39.4,No,No,24.7,3,5,2022,430,123626.85
2024-04-11,1018,Product_7,11,Toys,249,116.96,15.1,Yes,No,5.1,3,4,2024,284,24725.46
2025-08-24,1081,Product_6,1,Grocery,467,264.78,8.0,No,Yes,18.3,6,8,2025,325,113760.08
2022-04-06,1003,Product_57,8,Electronics,301,464.29,4.5,No,No,23.7,2,4,2022,345,133462.48
2025-07-11,1015,Product_48,2,Clothing,102,480.31,31.4,No,No,4.7,4,7,2025,119,33608.25
2025-05-26,1011,Product_10,11,Grocery,95,68.3,22.2,No,No,11.9,0,5,2025,34,5048.05
2023-02-20,1070,Product_17,12,Clothing,148,177.76,12.3,No,No,4.7,0,2,2023,204,23072.54
2024-08-05,1062,Product_12,13,Grocery,128,350.58,24.3,No,No,35.6,0,8,2024,100,33969.8
2022-09-05,1047,Product_24,9,Grocery,246,114.67,13.3,No,No,5.7,0,9,2022,167,24457.05
2025-02-11,1024,Product_18,9,Grocery,246,165.76,17.9,No,No,0.4,1,2,2025,166,33477.88
2024-11-16,1008,Product_20,13,Grocery,533,16.53,34.5,No,No,-3.4,5,11,2024,393,5770.87
2023-06-16,1056,Product_32,9,Home,239,80.99,26.7,No,Yes,-3.0,4,6,2023,166,14188.4
2022-04-12,1023,Product_12,7,Clothing,66,283.35,30.5,No,No,3.6,1,4,2022,84,12997.26
2025-12-27,1059,Product_53,11,Clothing,388,328.28,23.3,No,No,22.4,5,12,2025,479,97694.81
2023-10-31,1068,Product_43,9,Electronics,14,326.21,39.7,No,No,-4.2,1,10,2023,34,2753.86
2025-09-01,1084,Product_45,12,Clothing,103,390.29,9.7,Yes,No,7.9,0,9,2025,109,36300.48
2024-10-13,1049,Product_10,8,Electronics,265,210.56,10.5,No,Yes,-2.4,6,10,2024,180,49939.57
2025-03-13,1000,Product_42,13,Grocery,62,140.38,3.7,Yes,No,13.2,3,3,2025,40,8381.53
2025-02-13,1028,Product_50,1,Clothing,393,12.71,22.2,No,No,-2.8,3,2,2025,450,3886.13
2022-10-19,1085,Product_11,1,Electronics,203,107.28,24.5,No,No,22.3,2,10,2022,182,16442.27
2023-06-30,1053,Product_45,2,Grocery,554,159.63,29.0,No,No,26.0,4,6,2023,393,62788.86
2023-12-02,1061,Product_22,8,Grocery,101,93.21,13.4,No,No,27.9,5,12,2023,75,8152.71
2024-01-17,1045,Product_47,10,Toys,157,14.97,0.5,No,No,5.1,2,1,2024,265,2338.54
2022-03-07,1016,Product_29,4,Toys,81,82.94,25.3,No,Yes,34.1,0,3,2022,72,5018.45
2024-03-30,1089,Product_48,3,Electronics,118,334.72,39.9,No,No,26.1,5,3,2024,123,23737.67
2022-08-20,1077,Product_9,13,Home,191,316.64,11.8,No,No,-2.5,5,8,2022,209,53341.81
2025-01-20,1099,Product_23,11,Home,333,468.16,7.4,No,No,14.8,0,1,2025,432,144360.88
2024-10-21,1085,Product_17,10,Grocery,181,400.09,11.3,No,No,29.5,0,10,2024,160,64233.25
2025-10-15,1029,Product_15,7,Clothing,413,286.04,17.0,Yes,No,9.0,2,10,2025,379,98051.65
2025-01-22,1025,Product_19,6,Home,121,73.09,10.0,Yes,No,12.2,2,1,2025,54,7959.5
2023-07-04,1024,Product_23,1,Grocery,168,284.22,13.9,No,Yes,23.3,1,7,2023,133,41111.85
2025-12-22,1091,Product_8,3,Electronics,441,35.49,25.5,Yes,No,-2.5,0,12,2025,306,11660.06
2023-09-09,1055,Product_42,13,Grocery,292,218.29,13.8,No,No,38.5,5,9,2023,239,54944.47
2023-05-04,1045,Product_33,5,Grocery,373,198.18,15.8,Yes,No,2.9,3,5,2023,255,62241.6
2025-09-20,1096,Product_49,10,Grocery,364,216.77,1.6,No,No,-3.8,5,9,2025,342,77641.81
2023-07-10,1060,Product_42,10,Grocery,55,143.51,36.7,Yes,No,-4.8,0,7,2023,47,4996.3
2022-04-25,1090,Product_9,5,Electronics,453,344.49,16.3,Yes,No,13.0,0,4,2022,350,130617.17
2023-12-06,1098,Product_5,3,Toys,275,421.27,13.1,No,No,34.8,2,12,2023,432,100673.0
2025-04-08,1007,Product_25,10,Electronics,421,385.42,3.5,No,Yes,31.9,1,4,2025,385,156582.66
2022-10-12,1036,Product_29,2,Home,135,315.74,25.4,No,No,36.0,2,10,2022,149,31798.18
2023-11-26,1073,Product_15,7,Home,213,271.48,34.6,No,Yes,19.0,6,11,2023,181,37817.71
2022-07-14,1081,Product_47,13,Home,469,20.39,1.6,Yes,No,15.2,3,7,2022,481,9409.9
2024-10-26,1014,Product_35,10,Toys,226,362.85,5.8,No,No,12.4,5,10,2024,397,77247.86
2023-12-15,1031,Product_45,11,Electronics,373,274.77,5.9,No,No,-2.9,4,12,2023,466,96442.35
2023-05-11,1054,Product_7,2,Grocery,754,139.02,24.1,Yes,No,35.9,3,5,2023,457,79559.2
2022-12-07,1079,Product_49,3,Electronics,300,167.28,36.8,No,No,17.3,2,12,2022,222,31716.29
2024-04-26,1011,Product_13,4,Clothing,58,468.13,17.5,No,No,15.5,4,4,2024,73,22400.02
2024-10-01,1060,Product_27,5,Home,105,314.06,13.8,No,No,18.2,1,10,2024,121,28425.57
2025-11-11,1029,Product_26,3,Toys,131,240.58,30.6,No,No,30.7,1,11,2025,154,21872.09
2023-10-18,1021,Product_49,14,Grocery,540,312.36,29.7,No,No,5.1,2,10,2023,419,118578.1
2022-08-30,1051,Product_17,3,Grocery,262,209.8,9.9,Yes,Yes,26.9,1,8,2022,145,49525.81
2025-06-03,1041,Product_15,10,Toys,110,237.74,6.4,No,No,27.0,1,6,2025,187,24477.71
2024-08-02,1063,Product_21,9,Home,369,148.7,14.3,No,No,33.2,4,8,2024,427,47023.85
2024-11-16,1031,Product_22,9,Home,140,222.73,31.0,Yes,No,-4.6,5,11,2024,90,21515.72
2022-05-26,1082,Product_11,4,Clothing,367,344.37,27.8,Yes,No,2.7,3,5,2022,335,91249.1
2023-04-14,1007,Product_11,5,Clothing,380,24.77,26.6,No,Yes,16.2,4,4,2023,280,6908.85
2025-02-25,1086,Product_14,9,Grocery,591,398.54,33.2,No,No,33.3,1,2,2025,492,157338.81
2025-06-02,1002,Product_28,5,Home,236,145.07,11.1,No,No,38.4,0,6,2025,249,30436.27
2023-10-15,1073,Product_21,10,Grocery,303,342.87,13.6,No,No,21.8,6,10,2023,265,89760.62
2025-04-22,1034,Product_24,1,Toys,277,323.15,1.7,No,No,4.5,1,4,2025,426,87990.84
2025-06-16,1038,Product_43,2,Electronics,524,328.05,34.7,No,No,3.3,0,6,2025,495,112249.52
2023-08-05,1001,Product_15,11,Clothing,318,306.02,23.3,No,No,23.8,5,8,2023,367,74640.11
2025-09-09,1070,Product_54,9,Grocery,455,479.76,11.9,No,No,4.5,1,9,2025,352,192314.19
2023-03-09,1016,Product_45,1,Home,429,256.63,2.8,Yes,No,19.9,3,3,2023,439,107011.63
2022-12-26,1065,Product_11,13,Home,579,367.5,28.9,Yes,No,32.6,0,12,2022,490,151288.36
2024-10-20,1072,Product_19,1,Toys,351,354.2,29.9,No,Yes,12.5,6,10,2024,370,87151.26
2024-08-13,1084,Product_11,14,Home,355,121.95,26.6,Yes,Yes,12.0,1,8,2024,153,31776.51
2022-07-29,1070,Product_17,11,Grocery,472,145.24,8.2,No,Yes,-3.4,4,7,2022,324,62931.91
2025-06-03,1030,Product_22,14,Grocery,208,214.89,36.5,No,No,6.4,1,6,2025,125,28382.67
2022-10-27,1073,Product_8,14,Toys,191,142.46,30.1,No,No,26.4,3,10,2022,255,19019.69
2025-04-22,1082,Product_1,5,Clothing,207,186.54,26.3,No,No,11.2,1,4,2025,227,28458.36
2022-01-12,1031,Product_26,11,Electronics,474,198.53,26.0,No,No,2.1,2,1,2022,493,69636.38
2025-04-10,1012,Product_42,3,Toys,304,303.91,36.2,Yes,No,-0.2,3,4,2025,281,58943.95
2025-03-26,1089,Product_18,7,Home,497,113.85,37.1,No,No,-0.7,2,3,2025,479,35590.99
2025-03-16,1014,Product_51,4,Electronics,461,403.12,23.8,Yes,No,24.7,6,3,2025,405,141608.8
2024-09-24,1059,Product_22,7,Home,564,221.58,16.7,No,Yes,22.6,1,9,2024,425,104100.94
2023-12-09,1023,Product_54,13,Home,94,354.59,14.5,Yes,No,18.3,5,12,2023,92,28498.4
2024-11-23,1012,Product_14,7,Home,520,45.31,32.8,Yes,No,17.5,5,11,2024,389,15833.13
2023-02-20,1077,Product_32,2,Toys,149,237.63,25.8,Yes,No,1.9,0,2,2023,133,26271.9
2025-03-17,1014,Product_46,5,Clothing,234,18.97,3.1,No,No,17.5,0,3,2025,293,4301.37
2024-04-13,1067,Product_4,12,Clothing,180,339.58,5.7,Yes,No,-2.3,5,4,2024,248,57640.31
2023-11-20,1069,Product_55,8,Home,177,175.14,36.0,No,No,36.7,0,11,2023,137,19839.86
2024-01-29,1006,Product_22,8,Electronics,519,474.88,35.4,No,No,-2.4,0,1,2024,492,159214.92
2024-05-03,1017,Product_30,7,Electronics,492,165.44,38.1,No,No,14.1,4,5,2024,438,50384.42
2022-02-25,1079,Product_38,5,Toys,271,284.08,17.1,No,Yes,-5.0,4,2,2022,291,63821.13
2022-07-29,1050,Product_38,9,Grocery,8,132.41,31.4,Yes,No,30.4,4,7,2022,15,726.67
2023-01-04,1012,Product_2,9,Clothing,104,311.96,33.1,No,No,2.5,2,1,2023,99,21704.93
2022-06-21,1099,Product_52,13,Grocery,164,236.19,12.6,No,Yes,36.6,1,6,2022,121,33854.53
2023-10-22,1026,Product_37,9,Grocery,512,188.46,5.8,No,No,-3.0,6,10,2023,486,90895.01
2024-09-29,1000,Product_59,14,Clothing,225,105.83,39.9,No,No,31.9,6,9,2024,207,14310.86
2024-09-08,1092,Product_28,12,Toys,52,60.2,1.2,No,No,24.5,6,9,2024,32,3092.84
2023-12-08,1001,Product_37,2,Clothing,255,64.34,23.9,No,No,6.2,4,12,2023,297,12485.5
2025-07-06,1055,Product_27,6,Electronics,628,499.52,26.0,Yes,No,4.1,6,7,2025,475,232136.93
2024-04-27,1099,Product_53,6,Grocery,405,209.09,27.3,No,No,11.1,5,4,2024,284,61563.41
2022-04-29,1057,Product_50,1,Electronics,276,5.96,10.2,Yes,No,32.3,4,4,2022,227,1477.17
2025-02-21,1058,Product_54,3,Toys,48,476.7,28.9,No,No,33.8,4,2,2025,96,16268.82
2024-05-11,1038,Product_30,11,Grocery,463,14.89,8.7,No,No,2.9,5,5,2024,440,6294.29
2024-08-10,1012,Product_47,5,Grocery,146,212.2,33.2,Yes,No,10.9,5,8,2024,61,20695.44
2024-04-28,1057,Product_22,3,Electronics,488,360.15,8.8,Yes,No,5.7,6,4,2024,467,160286.92
2024-04-10,1089,Product_28,5,Clothing,127,457.73,27.9,No,No,0.5,2,4,2024,118,41912.96
2022-05-16,1009,Product_45,4,Toys,71,357.88,31.3,No,Yes,24.1,0,5,2022,77,17456.31
2024-04-18,1088,Product_5,3,Clothing,127,234.49,7.6,No,No,10.6,3,4,2024,180,27516.93
2025-04-07,1041,Product_42,2,Home,14,487.35,9.5,No,No,5.1,0,4,2025,12,6174.72
2023-04-01,1053,Product_1,11,Electronics,39,24.46,31.2,No,No,34.0,5,4,2023,16,656.31
2024-06-23,1016,Product_35,12,Electronics,82,493.51,3.4,No,No,28.7,6,6,2024,101,39091.91
2022-02-16,1062,Product_29,7,Home,367,425.45,7.6,Yes,No,29.8,2,2,2022,349,144273.5
2023-06-06,1018,Product_28,9,Electronics,382,464.82,18.2,No,No,-3.2,1,6,2023,409,145245.09
2023-10-18,1027,Product_30,13,Clothing,149,131.11,37.2,No,No,36.2,2,10,2023,131,12268.22
2026-01-14,1072,Product_30,12,Grocery,429,75.52,22.5,No,No,20.9,2,1,2026,325,25108.51
2022-11-18,1005,Product_25,1,Electronics,138,333.34,15.5,No,No,17.7,4,11,2022,182,38870.78
2023-02-19,1044,Product_27,14,Clothing,288,260.35,39.1,Yes,No,-4.5,6,2,2023,222,45663.31
2023-09-05,1059,Product_34,1,Toys,158,263.97,18.5,Yes,No,35.4,1,9,2023,174,33991.42
2026-01-28,1013,Product_46,1,Electronics,754,462.69,17.3,Yes,Yes,19.5,2,1,2026,446,288514.05
2025-07-04,1029,Product_33,6,Toys,228,311.94,16.5,Yes,No,32.1,4,7,2025,260,59387.14
2022-02-22,1034,Product_38,11,Clothing,208,158.98,12.5,No,No,24.5,1,2,2022,258,28934.36
2022-12-17,1066,Product_50,2,Home,489,203.03,13.0,Yes,No,30.9,5,12,2022,431,86375.05
2025-05-17,1097,Product_59,5,Electronics,358,71.08,27.5,No,No,26.2,5,5,2025,332,18448.81
2022-03-29,1083,Product_7,4,Toys,67,100.2,1.6,No,No,36.4,1,3,2022,83,6605.99
2025-07-07,1018,Product_43,6,Electronics,128,75.96,27.3,No,No,5.1,0,7,2025,102,7068.53
2023-02-27,1001,Product_14,14,Toys,113,406.09,8.0,No,No,4.1,0,2,2023,176,42217.12
2025-10-08,1005,Product_12,5,Home,49,353.91,15.4,No,No,27.1,2,10,2025,57,14670.99
2023-03-17,1059,Product_47,3,Grocery,416,267.52,5.9,No,No,17.6,4,3,2023,349,104722.31
2023-10-14,1015,Product_5,2,Electronics,312,190.31,22.1,No,No,22.0,5,10,2023,252,46254.46
2024-09-19,1023,Product_51,3,Home,61,335.9,29.2,No,No,26.9,3,9,2024,31,14506.85
2022-07-09,1084,Product_46,2,Electronics,224,407.39,14.2,No,No,19.6,5,7,2022,206,78297.1
2024-04-15,1087,Product_59,9,Home,293,441.21,6.5,No,No,30.4,0,4,2024,416,120871.69
2024-01-28,1083,Product_40,6,Home,343,275.77,9.1,No,No,9.3,6,1,2024,454,85981.5
2025-03-21,1025,Product_52,7,Grocery,611,410.84,32.7,No,No,33.7,4,3,2025,481,168938.64
2026-02-03,1061,Product_7,12,Grocery,513,258.1,10.7,No,No,-0.2,1,2,2026,462,118237.93
2024-09-23,1061,Product_53,9,Grocery,407,239.89,31.0,No,No,23.5,0,9,2024,307,67368.31
2023-09-06,1018,Product_10,3,Grocery,465,433.39,13.2,No,No,35.1,2,9,2023,464,174924.87
2023-09-02,1055,Product_19,6,Electronics,446,196.26,7.5,No,No,6.4,5,9,2023,478,80967.06
2023-09-19,1052,Product_8,5,Grocery,693,200.98,29.1,No,Yes,9.7,1,9,2023,321,98748.91
2025-05-06,1039,Product_24,12,Home,233,155.93,18.7,No,No,8.7,1,5,2025,212,29537.66
2023-04-27,1075,Product_45,5,Grocery,515,261.76,1.3,No,No,20.4,3,4,2023,483,133053.92
2022-09-08,1067,Product_16,2,Home,236,274.7,38.4,No,No,13.6,3,9,2022,213,39934.79
2023-05-17,1053,Product_49,11,Toys,59,331.93,5.9,Yes,No,-0.1,2,5,2023,91,18428.42
2022-02-04,1072,Product_36,6,Home,100,218.1,14.1,No,Yes,35.1,4,2,2022,62,18734.79
2022-06-09,1076,Product_38,2,Clothing,284,112.83,15.4,No,No,4.2,3,6,2022,288,27108.99
2022-05-16,1056,Product_56,10,Grocery,27,434.09,19.6,No,No,19.0,0,5,2022,27,9423.23
2025-03-03,1026,Product_26,3,Toys,59,176.27,31.4,No,No,21.8,0,3,2025,68,7134.35
2024-12-19,1075,Product_21,13,Grocery,153,461.86,0.2,No,No,-3.2,3,12,2024,129,70523.25
2024-11-11,1071,Product_59,12,Clothing,299,107.64,37.3,No,No,-0.7,0,11,2024,269,20179.59
2023-11-24,1098,Product_33,6,Clothing,250,282.23,25.8,Yes,No,38.7,4,11,2023,244,52353.66
2024-12-11,1014,Product_37,8,Home,338,270.62,38.0,Yes,No,24.9,2,12,2024,260,56711.13
2022-08-30,1041,Product_18,8,Clothing,221,415.18,32.7,No,No,-3.5,1,8,2022,258,61750.97
2025-09-12,1092,Product_13,10,Home,527,73.73,37.1,No,No,30.7,4,9,2025,497,24440.24
2024-01-22,1051,Product_11,1,Toys,98,455.42,24.0,No,No,17.9,0,1,2024,116,33919.68
2025-11-08,1094,Product_14,5,Grocery,463,268.06,14.3,Yes,Yes,-1.6,5,11,2025,242,106363.8
2022-08-17,1001,Product_12,3,Toys,315,295.12,17.7,No,Yes,25.6,2,8,2022,310,76508.38
2024-01-16,1003,Product_45,10,Electronics,164,257.53,26.3,No,No,17.5,1,1,2024,144,31127.14
2024-11-10,1079,Product_4,1,Toys,123,22.83,17.1,No,No,4.2,6,11,2024,98,2327.91
2024-01-14,1035,Product_38,8,Electronics,61,251.06,29.3,No,No,34.5,6,1,2024,32,10827.46
2023-11-01,1052,Product_57,11,Toys,110,135.46,3.7,No,No,8.1,2,11,2023,169,14349.28
2022-09-07,1042,Product_46,14,Grocery,224,174.63,33.2,No,No,7.8,2,9,2022,134,26130.24
2023-07-26,1040,Product_24,5,Toys,64,326.31,8.2,No,No,7.3,2,7,2023,105,19171.37
2022-12-25,1093,Product_4,1,Electronics,158,251.36,37.8,Yes,No,29.5,6,12,2022,142,24702.66
2023-03-29,1009,Product_50,11,Clothing,335,51.14,6.2,Yes,No,26.8,2,3,2023,351,16069.72
2024-10-22,1077,Product_1,1,Toys,253,41.16,5.2,No,No,35.6,1,10,2024,415,9871.98
2024-08-03,1088,Product_41,1,Electronics,265,96.9,32.5,No,No,5.3,5,8,2024,263,17332.99
2024-06-29,1065,Product_40,14,Grocery,93,99.49,32.7,No,No,30.4,5,6,2024,42,6226.98
2023-06-27,1039,Product_12,13,Electronics,338,306.11,29.6,No,No,20.8,1,6,2023,370,72839.49
2025-12-10,1016,Product_44,10,Grocery,145,93.02,38.4,No,No,8.9,2,12,2025,84,8308.55
2022-05-12,1068,Product_11,12,Grocery,72,441.45,10.8,No,Yes,-3.4,3,5,2022,38,28351.68
2023-05-29,1046,Product_14,2,Home,309,108.83,33.1,No,No,31.9,0,5,2023,288,22497.45
2022-06-27,1014,Product_48,2,Grocery,268,50.11,14.1,No,No,5.8,0,6,2022,218,11535.92
2023-05-24,1035,Product_58,5,Electronics,218,438.49,21.5,No,Yes,23.4,2,5,2023,162,75038.79
2025-12-13,1096,Product_16,1,Electronics,452,151.19,17.8,No,No,19.7,5,12,2025,483,56173.74
2023-07-04,1026,Product_55,13,Toys,42,215.58,0.2,No,No,-4.8,1,7,2023,54,9036.25
2025-09-24,1017,Product_54,1,Toys,36,479.72,23.0,No,Yes,39.7,2,9,2025,36,13297.84
2024-01-13,1068,Product_46,8,Grocery,431,472.46,29.9,Yes,No,31.6,5,1,2024,297,142744.81
2024-11-15,1019,Product_9,12,Electronics,194,358.88,7.0,No,No,16.9,4,11,2024,215,64749.13
2023-11-18,1091,Product_18,11,Electronics,478,39.12,37.3,No,No,25.6,5,11,2023,402,11724.5
2023-02-03,1085,Product_40,4,Toys,38,298.7,21.2,No,Yes,16.4,4,2,2023,29,8944.27
2025-02-20,1098,Product_59,7,Home,266,494.59,7.1,Yes,No,28.5,3,2,2025,215,122220.11
2025-12-24,1091,Product_49,8,Home,72,473.72,25.8,No,No,1.0,2,12,2025,81,25308.02
2023-01-31,1024,Product_25,11,Grocery,61,57.47,7.7,No,No,15.1,1,1,2023,30,3235.73
2025-03-14,1021,Product_14,6,Home,184,201.0,2.5,No,No,10.1,4,3,2025,236,36059.4
2023-01-27,1034,Product_57,4,Electronics,371,161.19,27.4,No,No,15.7,4,1,2023,370,43415.88
2024-12-11,1046,Product_17,12,Home,131,69.22,4.4,Yes,No,15.3,2,12,2024,87,8668.84
2025-03-29,1087,Product_21,13,Clothing,287,348.93,4.2,No,No,1.4,5,3,2025,422,95936.91
2023-11-06,1073,Product_57,7,Grocery,348,140.55,29.6,No,No,38.9,0,11,2023,264,34433.63
2025-01-10,1064,Product_34,1,Home,237,175.71,2.2,Yes,No,-4.3,4,1,2025,245,40727.12
2023-02-13,1087,Product_16,8,Home,452,49.73,32.4,No,No,-4.5,0,2,2023,462,15195.1
2022-04-29,1064,Product_1,13,Clothing,128,251.49,31.8,No,No,11.8,4,4,2022,171,21954.07
2022-05-25,1037,Product_26,14,Electronics,135,83.29,5.7,Yes,No,22.9,2,5,2022,108,10603.23
2023-11-02,1041,Product_59,6,Electronics,414,218.88,20.7,No,No,3.1,3,11,2023,395,71858.74
2025-09-15,1051,Product_26,3,Toys,57,75.95,3.9,No,No,19.0,0,9,2025,62,4160.31
2022-07-11,1008,Product_42,9,Grocery,574,477.16,25.3,No,No,27.5,0,7,2022,437,204595.71
2023-11-15,1074,Product_15,12,Grocery,460,76.77,2.5,No,No,-0.8,2,11,2023,414,34431.34
2024-11-22,1065,Product_46,14,Home,645,263.33,37.8,Yes,No,39.3,4,11,2024,488,105645.36
2022-10-31,1073,Product_46,1,Grocery,458,102.51,8.3,No,Yes,10.2,0,10,2022,235,43052.76
2024-12-18,1053,Product_36,5,Grocery,427,42.8,27.3,No,No,23.9,2,12,2024,314,13286.36
2023-04-04,1078,Product_46,7,Home,450,105.14,5.1,Yes,No,-0.0,1,4,2023,442,44900.04
2025-04-27,1094,Product_35,2,Clothing,80,32.11,8.4,No,No,26.9,6,4,2025,74,2353.02
2024-05-18,1056,Product_23,13,Home,248,74.0,18.0,Yes,No,32.8,5,5,2024,160,15048.64
2024-03-31,1044,Product_44,2,Electronics,251,249.27,22.9,No,No,-0.3,6,3,2024,241,48238.98
2022-09-23,1010,Product_50,10,Clothing,291,327.65,40.0,No,No,0.7,4,9,2022,317,57207.69
2023-11-26,1077,Product_50,13,Clothing,368,48.23,1.0,No,Yes,7.6,6,11,2023,342,17571.15
2025-07-08,1090,Product_13,10,Home,334,223.3,0.0,No,No,-4.5,1,7,2025,462,74582.2
2022-01-30,1069,Product_40,11,Electronics,310,292.72,14.0,Yes,No,39.4,6,1,2022,249,78039.15
2025-02-11,1086,Product_1,4,Electronics,121,120.94,14.6,No,No,21.9,1,2,2025,94,12497.21
2024-01-10,1086,Product_34,12,Home,121,189.18,35.4,No,No,22.3,2,1,2024,103,14787.44
2024-12-15,1079,Product_34,6,Home,446,40.56,36.5,No,No,38.2,6,12,2024,402,11487.0
2024-09-21,1050,Product_22,1,Toys,167,113.96,35.2,No,No,32.4,5,9,2024,235,12332.3
2023-10-11,1009,Product_59,6,Grocery,612,236.04,5.7,Yes,Yes,31.6,2,10,2023,319,136222.46
2023-04-09,1000,Product_53,5,Toys,215,495.27,16.5,Yes,No,10.3,6,4,2023,285,88913.35
2024-07-29,1020,Product_3,8,Grocery,747,498.15,29.8,Yes,No,10.1,0,7,2024,408,261226.87
2022-07-30,1043,Product_13,4,Home,123,489.91,12.5,Yes,No,8.1,5,7,2022,117,52726.56
2024-05-26,1074,Product_13,7,Electronics,125,214.43,26.5,Yes,No,10.6,6,5,2024,93,19700.76
2022-05-23,1045,Product_53,6,Toys,220,44.94,9.5,No,No,11.6,0,5,2022,369,8947.55
2024-09-01,1002,Product_31,5,Grocery,306,165.17,12.9,No,No,1.3,6,9,2024,222,44022.1
2024-08-01,1021,Product_44,10,Toys,313,122.67,34.4,No,No,11.0,3,8,2024,409,25187.59
2022-05-07,1097,Product_48,5,Grocery,99,11.99,10.0,No,No,15.1,5,5,2022,73,1068.31
2025-02-10,1098,Product_46,11,Home,188,52.14,38.6,No,No,8.9,0,2,2025,143,6018.62
2023-09-16,1037,Product_6,4,Clothing,384,229.33,12.3,No,No,2.4,5,9,2023,480,77231.01
2025-03-26,1080,Product_9,13,Electronics,366,173.13,0.9,No,No,11.8,2,3,2025,423,62795.29
2022-03-04,1071,Product_24,6,Electronics,89,94.28,10.2,No,Yes,16.6,4,3,2022,40,7535.05
2022-09-27,1093,Product_20,1,Home,458,359.47,6.8,No,Yes,27.4,1,9,2022,410,153441.93
2024-01-11,1088,Product_45,3,Electronics,69,181.77,20.3,No,No,27.0,3,1,2024,42,9996.08
2022-10-10,1062,Product_10,12,Grocery,82,426.67,4.5,No,No,4.1,0,10,2022,68,33412.53
2023-05-10,1039,Product_22,13,Clothing,405,124.28,25.0,No,No,-3.4,2,5,2023,450,37750.05
2024-09-17,1062,Product_14,3,Grocery,152,271.5,35.0,No,No,8.7,1,9,2024,71,26824.2
2022-08-05,1031,Product_12,9,Electronics,171,96.15,14.5,No,No,2.1,4,8,2022,157,14057.61
2024-10-13,1034,Product_11,9,Home,58,250.17,6.7,No,No,12.8,6,10,2024,76,13537.7
2022-06-05,1060,Product_12,2,Home,348,80.47,16.0,Yes,No,39.1,6,6,2022,302,23522.99
2022-09-20,1057,Product_34,7,Home,108,84.98,31.4,Yes,No,3.1,1,9,2022,38,6296.0
2024-05-31,1058,Product_25,10,Toys,81,308.05,23.7,No,No,9.3,4,5,2024,150,19038.41
2025-04-05,1038,Product_26,14,Electronics,157,135.57,4.0,Yes,No,27.6,5,4,2025,169,20433.11
2022-09-13,1040,Product_29,12,Clothing,308,90.32,21.5,No,No,17.9,1,9,2022,327,21837.57
2023-03-26,1001,Product_44,2,Grocery,418,465.24,18.7,Yes,No,-3.0,6,3,2023,253,158104.37
2025-10-19,1060,Product_51,4,Toys,68,26.29,13.1,No,No,2.3,6,10,2025,104,1553.53
2026-01-24,1057,Product_32,7,Clothing,221,284.75,4.4,Yes,No,37.1,5,1,2026,237,60160.84
2024-05-21,1093,Product_38,3,Electronics,263,276.39,39.2,No,No,-0.4,1,5,2024,234,44195.87
2023-11-02,1050,Product_44,8,Home,159,129.05,7.0,No,No,23.6,3,11,2023,183,19082.62
2023-06-05,1046,Product_41,1,Electronics,316,229.12,7.7,Yes,No,30.7,0,6,2023,271,66826.97
2024-07-07,1006,Product_8,2,Grocery,221,48.43,5.8,Yes,No,6.9,6,7,2024,169,10082.25
2024-06-05,1019,Product_58,1,Home,194,362.03,22.8,No,Yes,27.6,2,6,2024,173,54220.51
2023-03-19,1033,Product_10,5,Clothing,324,114.74,17.7,No,No,2.6,6,3,2023,393,30595.65
2022-02-04,1037,Product_25,11,Home,128,100.73,10.0,No,No,7.8,4,2,2022,133,11604.1
2022-08-16,1036,Product_39,3,Clothing,132,160.86,17.2,No,No,9.0,1,8,2022,171,17581.35
2025-12-08,1039,Product_24,14,Toys,69,451.67,26.9,No,No,39.8,0,12,2025,78,22781.78
2023-09-20,1076,Product_15,4,Clothing,449,399.25,11.3,Yes,Yes,4.7,2,9,2023,352,159006.5
2023-12-25,1013,Product_55,1,Electronics,370,473.71,36.6,No,No,0.8,0,12,2023,356,111122.89
2023-12-02,1033,Product_5,5,Electronics,318,327.72,12.3,No,No,36.7,5,12,2023,342,91396.52
2025-03-20,1016,Product_15,11,Home,99,333.15,7.9,Yes,No,2.3,3,3,2025,92,30376.28
2022-04-08,1030,Product_59,2,Electronics,294,242.62,38.2,No,No,34.6,4,4,2022,231,44082.11
2022-05-05,1068,Product_44,2,Grocery,169,453.07,32.4,No,No,24.3,3,5,2022,153,51760.53
2023-02-18,1004,Product_6,12,Electronics,409,257.88,13.7,Yes,No,21.0,5,2,2023,384,91023.13
2023-12-31,1033,Product_45,9,Grocery,435,180.75,33.7,Yes,Yes,28.8,6,12,2023,175,52129.2
2024-10-03,1002,Product_58,5,Clothing,228,321.99,20.8,Yes,No,27.7,3,10,2024,213,58143.67
2024-01-07,1095,Product_6,11,Electronics,243,275.34,13.9,Yes,No,-0.0,6,1,2024,232,57607.46
2023-10-24,1072,Product_25,12,Clothing,422,66.39,33.6,Yes,No,40.0,1,10,2023,382,18603.01
2025-11-07,1024,Product_28,6,Toys,269,199.4,30.1,No,No,37.4,4,11,2025,354,37493.38
2022-08-30,1019,Product_8,8,Electronics,642,160.1,11.9,Yes,Yes,35.3,1,8,2022,411,90552.88
2024-05-07,1009,Product_12,1,Electronics,183,424.18,24.3,No,No,23.0,1,5,2024,219,58762.08
2024-03-24,1047,Product_11,5,Grocery,710,192.53,14.8,No,Yes,18.5,6,3,2024,411,116465.25
2023-12-12,1075,Product_11,9,Toys,230,411.67,0.0,No,No,19.1,1,12,2023,436,94684.1
2025-04-26,1058,Product_24,3,Clothing,290,223.98,38.5,No,No,-4.3,5,4,2025,266,39946.83
2023-02-05,1088,Product_28,14,Home,543,377.98,22.0,Yes,Yes,17.5,6,2,2023,343,160089.65
2025-12-01,1034,Product_15,14,Electronics,601,71.96,23.9,Yes,No,23.1,0,12,2025,455,32911.7
2023-05-13,1027,Product_18,4,Home,466,462.7,24.0,Yes,No,24.6,5,5,2023,420,163869.83
2024-03-28,1047,Product_12,6,Electronics,95,242.88,22.0,No,No,9.9,3,3,2024,145,17997.41
2024-02-21,1020,Product_47,3,Home,291,133.6,11.6,No,No,16.2,2,2,2024,361,34367.8
2025-06-28,1097,Product_13,8,Electronics,277,124.54,38.9,No,No,23.6,5,6,2025,228,21078.02
2023-10-21,1018,Product_54,2,Toys,81,136.21,24.9,No,No,14.3,5,10,2023,82,8285.79
2023-03-03,1047,Product_32,6,Grocery,211,186.53,26.8,No,No,38.3,4,3,2023,192,28809.93
2022-02-02,1052,Product_48,8,Electronics,575,360.17,18.2,Yes,No,26.7,2,2,2022,489,169405.96
2023-06-30,1005,Product_38,9,Grocery,484,475.05,11.5,No,No,-4.9,4,6,2023,479,203482.92
2025-05-24,1046,Product_16,9,Electronics,414,336.17,2.6,Yes,No,-4.0,5,5,2025,395,135555.85
2022-01-15,1045,Product_36,4,Electronics,456,275.85,14.0,No,No,26.1,5,1,2022,495,108177.34
2025-09-06,1025,Product_17,12,Clothing,233,227.06,7.0,No,No,13.6,5,9,2025,290,49201.63
2024-03-25,1012,Product_7,10,Grocery,629,414.96,26.5,Yes,No,32.8,0,3,2024,381,191842.23
2022-07-30,1004,Product_16,11,Grocery,195,425.58,35.2,No,Yes,2.8,5,7,2022,90,53776.29
2023-03-30,1000,Product_17,7,Toys,125,150.05,12.1,No,No,-4.4,3,3,2023,156,16486.74
2024-04-11,1048,Product_8,13,Electronics,96,476.94,13.3,Yes,No,12.5,3,4,2024,94,39696.67
2023-04-19,1008,Product_2,6,Grocery,687,200.58,26.8,No,No,28.1,2,4,2023,469,100868.47
2022-06-12,1095,Product_56,12,Electronics,238,401.04,6.0,No,No,38.7,6,6,2022,311,89720.67
2024-09-25,1024,Product_31,3,Clothing,514,483.58,37.2,Yes,No,34.8,2,9,2024,466,156095.76
2024-10-05,1065,Product_24,4,Grocery,340,353.31,14.6,Yes,No,16.8,5,10,2024,213,102587.09
2022-06-28,1067,Product_55,8,Electronics,264,84.97,4.0,Yes,No,31.6,1,6,2022,207,21534.8
2023-02-26,1049,Product_14,8,Electronics,386,295.14,7.0,Yes,No,-1.8,6,2,2023,341,105949.36
2023-01-01,1088,Product_24,11,Toys,252,63.79,37.3,No,No,20.8,6,1,2023,288,10079.08
2024-09-16,1011,Product_50,5,Electronics,127,395.63,9.9,No,No,36.6,0,9,2024,192,45270.75
2024-12-31,1023,Product_38,13,Home,213,144.25,26.5,No,No,12.8,1,12,2024,165,22583.06
2024-12-26,1025,Product_24,5,Toys,153,349.13,6.2,No,No,38.2,3,12,2024,261,50105.04
2025-11-09,1013,Product_16,8,Clothing,58,455.49,7.8,No,No,4.9,6,11,2025,47,24357.78
2025-02-26,1029,Product_3,14,Grocery,110,94.6,35.2,No,No,-0.2,2,2,2025,102,6743.09
2023-04-27,1031,Product_6,8,Home,47,199.46,5.9,No,No,18.6,3,4,2023,31,8821.52
2022-06-11,1076,Product_10,10,Toys,58,325.32,0.8,Yes,No,35.8,5,6,2022,86,18717.61
2024-07-10,1030,Product_47,13,Electronics,135,212.73,20.0,No,No,9.0,2,7,2024,107,22974.84
2025-10-06,1087,Product_38,14,Toys,64,91.54,34.5,No,No,31.0,0,10,2025,47,3837.36
2026-01-02,1077,Product_26,7,Toys,52,19.39,13.0,No,No,2.6,4,1,2026,37,877.2
2022-12-12,1090,Product_47,6,Electronics,335,206.27,5.1,No,No,28.6,0,12,2022,411,65576.33
2022-12-21,1010,Product_10,3,Electronics,213,326.36,39.3,Yes,Yes,20.1,2,12,2022,99,42195.41
2022-02-26,1098,Product_13,8,Home,270,289.12,27.1,No,No,2.9,5,2,2022,282,56907.49
2022-07-31,1061,Product_24,13,Electronics,137,82.34,34.0,Yes,No,27.3,6,7,2022,58,7445.18
2024-04-12,1098,Product_55,7,Home,488,228.09,30.1,No,No,27.1,4,4,2024,474,77804.24
2024-03-31,1035,Product_37,5,Electronics,156,187.89,27.9,No,No,18.2,6,3,2024,127,21133.12
2023-07-11,1095,Product_51,2,Home,311,140.73,15.4,No,No,5.1,1,7,2023,377,37026.91
2023-04-10,1058,Product_15,6,Grocery,366,365.99,13.0,No,No,1.0,0,4,2023,324,116538.54
2025-05-29,1007,Product_51,4,Electronics,842,158.28,28.7,Yes,Yes,38.1,3,5,2025,386,95022.76
2023-11-22,1041,Product_5,14,Electronics,379,272.37,28.7,No,No,24.5,2,11,2023,318,73601.73
2025-04-27,1013,Product_14,8,Electronics,202,462.0,38.0,No,No,31.4,6,4,2025,259,57860.88
2025-12-15,1094,Product_31,2,Clothing,463,271.94,22.7,No,Yes,26.4,0,12,2025,388,97327.05
2023-04-21,1030,Product_3,1,Electronics,488,310.43,11.8,Yes,No,32.3,4,4,2023,409,133614.04
2022-11-01,1022,Product_51,12,Toys,185,41.26,19.6,Yes,No,2.3,1,11,2022,196,6137.01
2025-11-30,1055,Product_52,14,Home,442,93.18,24.5,No,No,17.4,6,11,2025,471,31095.1
2024-08-10,1042,Product_32,11,Grocery,588,54.97,17.1,No,No,25.0,5,8,2024,493,26795.24
2023-03-13,1009,Product_19,2,Toys,384,383.58,31.6,No,Yes,-0.3,0,3,2023,363,100749.59
2024-07-21,1081,Product_6,2,Home,393,418.78,23.4,No,No,1.7,6,7,2024,465,126068.69
2024-02-12,1084,Product_37,3,Home,89,97.3,0.4,No,No,23.5,0,2,2024,61,8625.06
2025-09-20,1074,Product_32,11,Electronics,408,113.54,22.8,No,Yes,34.1,5,9,2025,274,35762.38
2023-01-19,1061,Product_45,11,Home,375,164.99,25.3,Yes,No,24.7,3,1,2023,328,46217.82
2026-01-27,1040,Product_36,12,Clothing,458,297.58,36.6,No,No,-3.4,1,1,2026,464,86408.9
2025-11-05,1054,Product_8,2,Toys,28,312.79,16.5,No,No,38.7,2,11,2025,69,7313.03
2022-09-29,1052,Product_8,3,Clothing,408,344.94,23.0,Yes,No,1.3,3,9,2022,404,108366.35
2022-09-04,1016,Product_47,13,Home,39,453.07,19.0,Yes,No,5.5,6,9,2022,47,14312.48
2024-03-10,1008,Product_10,14,Grocery,311,151.04,21.3,No,No,38.9,6,3,2024,185,36968.1
2022-03-09,1025,Product_56,11,Electronics,484,331.09,2.7,Yes,Yes,29.7,2,3,2022,349,155920.88
2023-03-25,1045,Product_7,2,Electronics,123,282.06,35.9,No,No,37.1,5,3,2023,152,22238.46
2023-10-15,1016,Product_43,1,Toys,398,156.39,36.4,Yes,No,31.3,6,10,2023,419,39586.69
2025-12-25,1010,Product_58,1,Home,526,454.17,21.9,Yes,No,24.3,3,12,2025,465,186575.76
2026-01-28,1085,Product_27,10,Grocery,211,52.26,22.3,Yes,No,7.8,2,1,2026,87,8567.87
2022-08-16,1037,Product_4,12,Home,150,357.44,2.3,No,No,9.7,1,8,2022,136,52382.83
2025-08-30,1058,Product_52,9,Electronics,89,365.3,23.9,No,No,37.6,5,8,2025,46,24741.4
2022-05-17,1052,Product_12,4,Electronics,333,458.09,17.2,No,No,33.7,1,5,2022,357,126306.41
2025-01-27,1073,Product_32,11,Clothing,467,261.7,28.4,Yes,No,11.2,0,1,2025,444,87505.15
2025-06-22,1073,Product_59,1,Home,273,164.2,1.9,No,No,11.8,6,6,2025,304,43974.89
2025-08-29,1029,Product_44,12,Toys,49,414.73,28.4,No,No,8.4,4,8,2025,74,14550.39
2022-12-02,1084,Product_3,13,Home,70,386.55,11.5,No,No,9.7,4,12,2022,95,23946.77
2025-09-02,1037,Product_49,11,Grocery,63,252.66,26.1,No,Yes,33.7,1,9,2025,27,11763.09
2022-06-23,1083,Product_10,13,Toys,215,385.09,25.1,No,Yes,-4.5,3,6,2022,250,62012.97
2024-02-18,1040,Product_45,9,Clothing,274,137.6,9.1,No,No,14.6,6,2,2024,363,34271.48
2023-12-06,1011,Product_37,7,Toys,59,296.81,17.6,No,No,37.4,2,12,2023,83,14429.71
2023-04-19,1076,Product_17,5,Electronics,467,433.27,33.4,No,No,19.4,2,4,2023,425,134756.5
2022-02-03,1003,Product_25,13,Electronics,183,162.4,24.2,Yes,No,15.3,3,2,2022,133,22527.15
2025-03-04,1077,Product_7,10,Electronics,201,244.36,2.7,No,No,9.1,1,3,2025,262,47790.22
2023-05-19,1004,Product_59,3,Toys,189,475.77,17.7,No,No,-1.7,4,5,2023,337,74004.6
2024-09-19,1020,Product_15,14,Electronics,315,400.11,12.5,Yes,No,5.1,3,9,2024,274,110280.32
2023-09-08,1060,Product_19,1,Toys,170,444.08,25.7,No,No,-0.9,4,9,2023,244,56091.74
2023-07-15,1094,Product_30,9,Home,167,195.7,24.6,No,No,0.7,5,7,2023,175,24642.15
2025-08-22,1040,Product_40,3,Electronics,204,498.27,0.4,Yes,No,2.4,4,8,2025,220,101240.49
2022-05-22,1012,Product_30,10,Toys,160,80.52,24.3,No,Yes,8.6,6,5,2022,126,9752.58
2025-01-09,1023,Product_30,6,Electronics,210,261.79,29.4,No,No,-4.5,3,1,2025,154,38812.99
2025-01-25,1089,Product_35,7,Electronics,389,242.24,30.7,No,No,37.8,5,1,2025,380,65302.33
2023-07-24,1072,Product_51,10,Clothing,305,400.22,2.4,No,No,0.6,0,7,2023,442,119137.49
2023-01-29,1010,Product_24,11,Grocery,488,454.77,12.1,No,No,12.2,6,1,2023,426,195074.5
2022-01-08,1038,Product_50,6,Grocery,183,366.91,16.9,No,No,34.6,5,1,2022,172,55797.1
2025-11-06,1026,Product_47,14,Electronics,152,315.27,7.2,No,No,-0.2,3,11,2025,167,44470.73
2025-11-22,1017,Product_57,7,Home,89,216.58,16.8,Yes,Yes,16.8,5,11,2025,38,16037.32
2022-12-28,1084,Product_54,3,Electronics,105,257.61,2.8,No,No,33.0,2,12,2022,144,26291.68
2022-02-17,1061,Product_48,1,Grocery,450,257.1,4.5,No,Yes,20.1,3,2,2022,296,110488.72
2022-07-04,1017,Product_15,3,Clothing,152,15.08,26.7,No,No,4.5,0,7,2022,141,1680.15
2022-04-12,1065,Product_46,10,Clothing,367,254.01,10.5,Yes,No,28.1,1,4,2022,369,83433.39
2025-05-31,1041,Product_44,8,Home,11,428.71,28.5,Yes,No,25.7,5,5,2025,34,3371.8
2025-08-30,1006,Product_18,5,Grocery,218,356.09,1.9,No,No,11.3,5,8,2025,211,76152.7
2022-08-18,1044,Product_41,7,Home,293,398.88,22.5,Yes,Yes,-2.9,3,8,2022,147,90575.68
2025-01-25,1018,Product_15,12,Home,274,198.29,15.7,No,No,-4.6,5,1,2025,252,45801.42
2022-09-26,1024,Product_31,9,Grocery,92,266.84,31.9,No,No,32.1,0,9,2022,22,16718.06
2023-07-05,1087,Product_48,1,Grocery,398,21.57,31.4,No,Yes,9.5,2,7,2023,215,5889.21
2024-06-18,1071,Product_12,1,Clothing,410,194.58,15.0,Yes,No,1.2,1,6,2024,396,67811.13
2024-12-15,1013,Product_20,7,Clothing,361,239.84,24.9,No,No,18.3,6,12,2024,429,65023.26
2025-08-04,1085,Product_47,6,Electronics,147,131.33,9.1,No,No,36.4,0,8,2025,135,17548.71
2022-03-09,1057,Product_27,12,Clothing,195,20.46,23.2,No,No,-4.6,2,3,2022,220,3064.09
2022-10-22,1087,Product_57,9,Electronics,256,346.75,3.3,No,No,-2.5,5,10,2022,348,85838.66
2023-02-25,1074,Product_1,11,Clothing,195,220.37,17.4,No,No,13.8,5,2,2023,237,35495.0
2023-04-11,1033,Product_43,9,Toys,184,210.76,7.3,No,No,25.4,1,4,2023,276,35948.91
2026-02-06,1053,Product_49,5,Clothing,192,128.74,35.3,No,No,16.4,4,2,2026,177,15992.6
2025-03-12,1053,Product_55,10,Home,380,271.23,17.8,No,No,35.4,2,3,2025,420,84721.4
2023-04-26,1071,Product_10,9,Grocery,412,221.82,23.6,No,No,-3.0,2,4,2023,319,69821.84
2025-12-28,1024,Product_59,11,Toys,442,239.62,14.4,No,Yes,10.3,6,12,2025,480,90660.71
2024-01-19,1033,Product_24,3,Toys,254,292.53,11.5,No,No,10.8,4,1,2024,392,65757.82
2024-01-22,1024,Product_21,9,Toys,130,8.13,8.1,No,No,10.3,0,1,2024,189,971.29
2023-10-13,1029,Product_21,4,Home,172,454.31,36.5,No,No,16.9,4,10,2023,170,49619.74
2022-08-04,1016,Product_38,12,Home,128,40.19,32.0,No,No,30.6,3,8,2022,53,3498.14
2025-11-02,1003,Product_39,12,Clothing,296,228.21,5.3,Yes,No,9.3,6,11,2025,315,63970.0
2022-01-21,1094,Product_28,9,Toys,360,107.65,29.9,Yes,No,28.5,4,1,2022,377,27166.55
2022-09-19,1007,Product_5,14,Toys,129,264.27,16.7,No,No,1.6,0,9,2022,183,28397.66
2022-12-11,1088,Product_59,8,Clothing,29,143.71,0.6,No,No,20.2,6,12,2022,20,4142.58
2023-02-23,1000,Product_14,1,Electronics,386,430.7,21.1,No,No,11.9,3,2,2023,414,131171.41
2022-07-17,1077,Product_6,9,Electronics,122,201.2,5.2,No,No,19.3,6,7,2022,119,23269.99
2022-01-27,1032,Product_36,11,Grocery,433,321.18,8.4,No,Yes,-0.2,3,1,2022,295,127388.98
2024-10-13,1051,Product_25,2,Electronics,63,128.2,27.8,No,No,37.9,6,10,2024,36,5831.31
2025-12-24,1028,Product_37,2,Grocery,64,14.61,10.3,No,No,35.8,2,12,2025,40,838.73
2022-07-02,1049,Product_52,4,Electronics,631,205.06,35.7,Yes,No,32.2,5,7,2022,450,83199.61
2023-03-21,1045,Product_6,12,Toys,254,270.56,26.3,No,No,35.2,1,3,2023,339,50648.29
2024-01-30,1052,Product_17,8,Electronics,37,232.48,33.3,Yes,No,1.6,1,1,2024,12,5737.37
2025-10-23,1039,Product_31,14,Home,13,481.2,24.6,No,Yes,17.7,3,10,2025,59,4716.72
2024-11-07,1053,Product_47,13,Grocery,359,354.89,34.8,No,No,9.3,3,11,2024,251,83068.39
2025-02-23,1082,Product_36,8,Electronics,309,497.86,14.5,No,No,34.9,6,2,2025,343,131532.12
2024-05-21,1043,Product_23,10,Home,194,151.05,22.0,No,No,3.5,1,5,2024,217,22856.89
2023-09-18,1036,Product_36,5,Toys,423,395.58,20.6,No,Yes,4.9,0,9,2023,437,132860.29
2022-10-27,1013,Product_58,2,Home,382,280.0,36.2,Yes,No,25.9,3,10,2022,329,68240.48
2025-07-20,1035,Product_29,6,Toys,253,307.82,6.6,Yes,No,-1.0,6,7,2025,310,72738.48
2025-04-21,1012,Product_53,9,Clothing,121,493.0,23.1,No,No,28.0,0,4,2025,151,45873.16
2022-02-07,1018,Product_47,3,Home,282,328.72,30.2,No,No,7.1,0,2,2022,344,64703.93
2024-12-09,1095,Product_18,4,Electronics,399,449.91,14.8,No,No,24.7,0,12,2024,438,152946.0
2022-05-07,1008,Product_15,1,Toys,43,364.25,34.7,Yes,Yes,34.3,5,5,2022,33,10227.78
2025-01-13,1048,Product_46,11,Home,323,68.06,14.9,No,No,22.4,0,1,2025,369,18707.86
2025-05-23,1083,Product_13,13,Grocery,446,351.21,6.9,No,No,4.6,4,5,2025,441,145831.52
2022-07-16,1095,Product_20,12,Grocery,283,244.74,23.4,No,No,-2.8,5,7,2022,221,53054.25
2023-10-13,1014,Product_14,6,Home,395,459.81,16.8,Yes,No,-3.0,4,10,2023,385,151111.96
2022-07-05,1016,Product_36,9,Electronics,160,404.38,0.6,No,Yes,-1.0,1,7,2022,185,64312.6
2024-04-30,1037,Product_18,14,Toys,119,56.55,2.8,Yes,No,21.1,1,4,2024,104,6541.03
2025-10-23,1055,Product_39,9,Grocery,453,71.29,7.8,No,No,10.7,3,10,2025,409,29775.41
2022-05-02,1095,Product_56,5,Electronics,325,39.46,30.8,Yes,Yes,5.9,0,5,2022,162,8874.55
2023-08-20,1020,Product_49,5,Grocery,485,249.16,35.7,No,No,4.9,6,8,2023,380,77701.79
2025-12-30,1016,Product_56,11,Toys,145,44.98,21.8,No,No,37.7,1,12,2025,164,5100.28
2023-03-28,1025,Product_2,7,Grocery,229,363.22,4.2,Yes,No,0.3,1,3,2023,205,79683.93
2022-07-18,1087,Product_27,12,Clothing,411,278.42,21.4,No,Yes,8.7,0,7,2022,345,89942.47
2024-01-03,1003,Product_13,13,Toys,171,418.76,34.2,No,Yes,16.2,2,1,2024,177,47118.04
2024-02-02,1038,Product_55,1,Electronics,427,143.5,30.0,No,No,-5.0,4,2,2024,405,42892.15
2024-09-21,1011,Product_43,11,Home,17,261.97,11.6,No,No,36.4,5,9,2024,29,3936.89
2023-04-16,1015,Product_19,6,Grocery,63,63.15,5.0,Yes,Yes,-0.5,6,4,2023,15,3779.53
2025-12-04,1091,Product_34,8,Home,53,442.88,36.0,No,No,25.7,3,12,2025,50,15022.49
2024-02-21,1000,Product_36,4,Electronics,183,91.63,34.2,No,No,23.3,2,2,2024,135,11033.53
2023-03-06,1032,Product_30,6,Electronics,59,55.67,2.1,No,Yes,31.4,0,3,2023,36,3215.55
2025-12-11,1091,Product_28,5,Home,216,106.5,32.9,No,No,24.3,3,12,2025,196,15435.68
2025-10-19,1060,Product_4,1,Toys,28,404.08,3.9,No,No,29.6,6,10,2025,21,10872.98
2024-01-19,1007,Product_27,11,Toys,259,57.38,2.5,Yes,No,14.0,4,1,2024,380,14489.88
2022-02-07,1046,Product_21,3,Home,93,309.14,30.3,No,No,17.0,0,2,2022,84,20038.76
2024-06-14,1097,Product_49,6,Clothing,379,374.36,21.5,No,No,26.6,4,6,2024,486,111377.72
2024-04-12,1040,Product_52,3,Electronics,375,376.79,16.6,No,No,20.6,4,4,2024,429,117841.07
2022-08-11,1052,Product_45,3,Grocery,713,99.08,36.2,No,Yes,18.0,3,8,2022,350,45070.9
2024-08-08,1053,Product_2,6,Home,717,35.5,33.6,Yes,Yes,4.3,3,8,2024,401,16901.12
2025-06-15,1066,Product_50,13,Grocery,655,227.16,2.3,Yes,Yes,6.6,6,6,2025,389,145367.63
2022-06-08,1018,Product_24,14,Clothing,402,105.23,24.6,No,No,11.1,2,6,2022,424,31896.05
2024-12-20,1083,Product_25,6,Electronics,324,351.14,30.9,No,No,-4.6,4,12,2024,282,78614.63
2022-07-30,1098,Product_56,8,Clothing,330,181.56,22.0,No,Yes,13.8,5,7,2022,315,46733.54
2025-01-28,1014,Product_52,14,Grocery,300,227.43,39.3,No,No,-4.9,1,1,2025,239,41415.0
2023-09-21,1081,Product_4,4,Electronics,364,61.18,27.4,No,No,20.4,3,9,2023,315,16167.67
2022-01-10,1081,Product_22,14,Electronics,235,285.94,4.2,No,Yes,26.7,0,1,2022,196,64373.67
2025-12-20,1074,Product_45,2,Clothing,175,96.83,7.9,Yes,Yes,20.3,5,12,2025,70,15606.58
2022-09-06,1037,Product_32,4,Grocery,631,341.1,33.0,No,No,26.2,1,9,2022,466,144206.85
2024-06-13,1046,Product_16,5,Electronics,607,40.23,39.9,No,Yes,-5.0,3,6,2024,352,14676.19
2022-09-30,1083,Product_31,1,Clothing,283,488.07,3.9,Yes,No,-2.3,4,9,2022,355,132736.98
2025-10-31,1015,Product_52,12,Electronics,244,343.84,4.0,Yes,Yes,26.4,4,10,2025,147,80541.08
2025-01-12,1082,Product_14,12,Electronics,494,94.96,30.5,Yes,No,31.1,6,1,2025,387,32602.62
2025-04-21,1092,Product_45,6,Electronics,337,11.98,2.6,Yes,No,27.3,0,4,2025,264,3932.29
2023-10-11,1068,Product_44,12,Clothing,57,170.56,2.7,No,No,24.8,2,10,2023,47,9459.43
2023-12-03,1034,Product_53,11,Toys,449,80.64,35.6,Yes,No,26.8,6,12,2023,477,23317.54
2024-08-09,1055,Product_18,12,Grocery,693,113.11,32.0,No,No,28.3,4,8,2024,495,53301.96
2025-03-23,1005,Product_13,12,Grocery,807,437.01,35.3,Yes,No,27.6,6,3,2025,436,228175.59
2025-06-24,1093,Product_33,9,Grocery,382,303.59,26.0,Yes,No,28.2,1,6,2025,242,85818.82
2022-01-27,1034,Product_32,2,Grocery,186,92.35,12.9,No,No,-1.7,3,1,2022,124,14961.25
2024-09-22,1005,Product_25,13,Home,38,280.55,36.3,Yes,Yes,-2.2,6,9,2024,15,6790.99
2022-06-13,1079,Product_46,9,Grocery,432,131.61,11.9,No,No,11.3,0,6,2022,370,50089.71
2023-03-08,1065,Product_48,13,Home,327,488.22,11.0,No,No,18.7,2,3,2023,446,142086.67
2025-05-29,1062,Product_15,14,Toys,92,21.21,35.5,Yes,No,29.3,3,5,2025,61,1258.6
2023-01-11,1005,Product_47,3,Toys,306,367.5,27.2,Yes,No,10.1,2,1,2023,345,81867.24
2025-04-10,1075,Product_14,6,Clothing,69,387.63,35.8,No,No,7.4,3,4,2025,23,17171.23
2023-11-26,1063,Product_25,3,Home,293,38.25,6.2,No,No,30.2,6,11,2023,390,10512.4
2022-12-15,1079,Product_2,1,Toys,37,90.08,38.1,No,No,6.2,3,12,2022,23,2063.1
2023-05-17,1082,Product_21,14,Home,488,195.23,24.5,No,No,31.9,2,5,2023,487,71930.54
2024-03-07,1021,Product_57,13,Grocery,112,434.74,26.7,No,No,3.0,3,3,2024,93,35690.42
2025-02-21,1021,Product_27,14,Electronics,235,270.81,36.6,No,No,11.2,4,2,2025,206,40347.98
2024-06-28,1092,Product_42,13,Electronics,308,329.38,15.2,No,No,13.0,4,6,2024,350,86028.79
2025-10-31,1053,Product_7,10,Toys,398,392.59,28.8,No,Yes,8.5,4,10,2025,424,111250.58
2025-07-25,1043,Product_38,8,Clothing,154,414.92,25.6,Yes,No,-4.8,4,7,2025,188,47539.87
2025-02-04,1028,Product_22,14,Grocery,625,240.76,31.5,No,No,5.6,1,2,2025,490,103075.38
2024-06-23,1063,Product_44,8,Grocery,16,256.85,35.9,No,No,10.2,6,6,2024,17,2634.25
2023-03-11,1075,Product_55,9,Grocery,310,360.41,27.2,No,No,9.1,5,3,2023,240,81337.33
2023-09-11,1000,Product_32,3,Toys,279,135.35,2.7,No,No,30.3,0,9,2023,494,36743.06
2022-06-28,1055,Product_7,11,Home,106,427.97,7.3,No,No,-2.9,1,6,2022,144,42053.19
2023-07-16,1099,Product_29,12,Toys,279,15.29,38.2,Yes,No,12.5,6,7,2023,271,2636.33
2025-10-21,1028,Product_8,10,Grocery,344,101.91,38.7,No,No,-3.3,1,10,2025,227,21489.97
2023-10-01,1028,Product_27,7,Clothing,181,401.1,38.7,No,No,36.9,6,10,2023,203,44503.25
2022-06-20,1087,Product_4,3,Electronics,306,173.43,1.5,No,No,30.6,0,6,2022,386,52273.54
2024-09-04,1006,Product_38,1,Toys,187,79.17,15.3,No,No,39.2,2,9,2024,264,12539.66
2025-12-14,1039,Product_19,9,Clothing,360,97.44,30.4,No,No,36.0,6,12,2025,359,24414.57
2025-07-25,1045,Product_12,10,Clothing,246,267.72,30.1,No,No,9.2,4,7,2025,264,46035.52
2023-02-16,1079,Product_2,11,Clothing,467,423.86,3.4,No,Yes,26.1,3,2,2023,498,191212.57
2023-11-12,1012,Product_53,14,Grocery,410,39.97,24.4,Yes,No,8.8,6,11,2023,240,12389.1
2024-03-07,1043,Product_50,7,Toys,221,20.09,5.7,No,No,35.0,3,3,2024,400,4186.82
2023-01-07,1015,Product_48,12,Clothing,259,235.26,19.7,No,No,13.5,5,1,2023,310,48928.67
2023-02-08,1078,Product_4,11,Home,310,478.31,9.6,No,No,11.9,2,2,2023,402,134041.59
2022-12-21,1063,Product_21,4,Electronics,447,143.11,2.1,Yes,No,36.1,2,12,2022,443,62626.8
2026-01-31,1049,Product_58,12,Grocery,101,479.79,3.2,No,No,32.7,5,1,2026,120,46908.11
2025-01-24,1039,Product_35,1,Toys,156,444.4,36.4,No,Yes,38.5,4,1,2025,157,44091.59
2025-06-15,1015,Product_8,9,Electronics,214,145.15,29.8,No,No,-2.0,6,6,2025,157,21805.59
2025-05-09,1092,Product_9,14,Electronics,378,409.39,37.3,Yes,No,6.0,4,5,2025,248,97027.89
2025-12-09,1064,Product_16,10,Toys,154,344.5,18.8,No,No,8.5,1,12,2025,251,43079.04
2022-06-07,1031,Product_58,14,Grocery,25,258.35,16.5,Yes,No,14.1,1,6,2022,11,5393.06
2025-08-15,1041,Product_11,1,Grocery,504,214.34,14.3,No,No,16.3,4,8,2025,448,92579.45
2022-04-10,1072,Product_54,8,Clothing,377,408.67,24.7,No,No,8.1,6,4,2022,431,116013.65
2023-12-15,1071,Product_41,11,Electronics,281,397.57,14.1,No,No,30.6,4,12,2023,304,95965.05
2024-06-10,1046,Product_55,9,Electronics,243,379.68,29.9,No,Yes,5.0,0,6,2024,159,64675.83
2023-06-21,1030,Product_49,13,Electronics,618,499.14,32.1,No,Yes,26.3,2,6,2023,415,209450.13
2022-08-08,1065,Product_20,7,Electronics,156,241.86,35.0,No,No,33.3,0,8,2022,142,24524.6
2022-10-16,1065,Product_49,10,Electronics,215,404.43,9.7,Yes,No,22.2,6,10,2022,159,78518.06
2025-05-21,1059,Product_10,6,Home,548,431.93,21.1,Yes,No,10.9,2,5,2025,498,186754.44
2023-04-24,1007,Product_18,13,Grocery,494,109.74,8.9,No,No,3.5,0,4,2023,462,49386.73
2023-04-11,1047,Product_13,2,Electronics,261,25.82,1.5,No,No,1.0,1,4,2023,296,6637.93
2025-10-17,1061,Product_8,4,Electronics,147,205.35,28.3,No,No,28.5,4,10,2025,92,21643.68
2022-08-04,1095,Product_6,2,Clothing,52,429.08,22.0,No,No,16.1,3,8,2022,70,17403.48
2025-10-04,1052,Product_12,10,Toys,372,148.11,29.0,No,No,-2.9,5,10,2025,482,39118.81
2025-10-13,1034,Product_8,4,Grocery,135,351.51,3.5,No,No,39.3,0,10,2025,140,45792.97
2024-06-16,1055,Product_23,5,Electronics,397,8.64,39.8,No,No,25.2,6,6,2024,343,2064.91
2022-09-06,1017,Product_5,12,Grocery,379,180.91,39.8,Yes,No,33.0,1,9,2022,183,41276.06
2022-08-22,1009,Product_4,6,Clothing,241,309.68,18.6,Yes,No,14.7,0,8,2022,253,60751.16
2023-03-04,1067,Product_59,3,Electronics,721,69.23,34.6,Yes,No,38.0,5,3,2023,493,32644.3
2024-05-16,1098,Product_6,1,Toys,185,448.82,9.7,No,No,4.0,3,5,2024,300,74977.63
2022-08-19,1084,Product_5,4,Home,218,82.36,29.5,No,No,3.3,4,8,2022,221,12657.91
2023-11-15,1058,Product_2,13,Grocery,278,455.35,35.2,No,No,35.1,2,11,2023,213,82028.57
2022-06-23,1004,Product_8,8,Toys,125,112.11,32.6,Yes,No,35.1,3,6,2022,122,9445.27
2024-03-21,1098,Product_32,14,Grocery,370,497.17,32.5,No,No,17.5,3,3,2024,282,124168.21
2022-02-01,1044,Product_49,4,Electronics,407,304.35,18.5,Yes,No,0.7,1,2,2022,289,100954.42
2024-11-29,1028,Product_44,5,Toys,60,46.75,32.8,No,No,8.7,4,11,2024,56,1884.96
2022-03-25,1089,Product_35,3,Toys,223,37.31,27.6,Yes,No,28.9,4,3,2022,208,6023.77
2022-10-20,1074,Product_6,6,Grocery,367,42.09,5.3,No,No,33.1,3,10,2022,325,14628.34
2022-09-19,1074,Product_46,8,Clothing,46,297.0,4.6,Yes,No,10.6,0,9,2022,36,13033.55
2025-05-31,1027,Product_3,12,Electronics,502,405.74,30.9,No,No,-2.2,5,5,2025,488,140743.9
2022-03-22,1099,Product_38,6,Home,390,204.47,25.0,No,No,25.0,1,3,2022,431,59807.48
2023-10-06,1045,Product_25,11,Home,307,225.19,20.8,No,No,28.3,4,10,2023,322,54753.6
2024-06-05,1053,Product_53,9,Home,32,296.7,36.3,Yes,No,14.1,2,6,2024,17,6047.93
2024-02-13,1075,Product_19,5,Clothing,303,268.86,26.4,No,Yes,21.2,1,2,2024,263,59957.93
2024-10-18,1065,Product_38,13,Home,407,345.59,15.8,No,No,39.4,4,10,2024,450,118431.62
2025-04-19,1017,Product_26,7,Clothing,34,238.53,16.6,No,No,6.0,5,4,2025,21,6763.76
2023-08-14,1030,Product_31,3,Toys,271,358.36,24.2,No,No,20.8,0,8,2023,398,73613.59
2025-05-27,1036,Product_56,14,Electronics,647,498.67,30.4,No,Yes,22.5,1,5,2025,421,224557.09
2023-04-22,1094,Product_43,13,Clothing,22,178.4,22.6,No,No,19.7,5,4,2023,47,3037.8
2026-01-16,1071,Product_25,1,Clothing,154,11.05,20.4,No,No,34.1,4,1,2026,122,1354.55
2024-01-27,1036,Product_27,13,Clothing,322,67.18,29.1,No,No,22.2,5,1,2024,364,15337.06
2025-01-09,1073,Product_42,14,Electronics,839,278.99,28.2,Yes,Yes,17.9,3,1,2025,456,168064.13
2025-08-05,1073,Product_21,12,Grocery,510,175.41,33.2,No,No,0.5,1,8,2025,387,59758.68
2025-04-03,1039,Product_10,4,Toys,170,470.29,2.5,Yes,No,26.6,3,4,2025,267,77950.57
2025-06-30,1040,Product_28,9,Electronics,358,315.59,30.2,No,No,0.9,0,6,2025,305,78860.89
2024-03-15,1089,Product_5,8,Home,289,262.58,20.6,No,No,-3.8,4,3,2024,267,60253.18
2022-03-07,1056,Product_11,9,Home,274,400.03,3.0,Yes,No,17.0,0,3,2022,293,106319.97
2024-01-10,1014,Product_25,9,Clothing,357,133.0,27.2,No,No,20.8,2,1,2024,387,34566.17
2022-09-30,1071,Product_47,9,Electronics,43,410.77,28.7,No,No,40.0,4,9,2022,34,12593.8
2025-08-26,1058,Product_47,8,Electronics,185,6.52,20.9,No,No,27.1,1,8,2025,112,954.1
2022-12-22,1050,Product_16,10,Grocery,2,311.74,31.8,Yes,No,33.2,3,12,2022,39,425.21
2022-12-09,1072,Product_25,8,Electronics,360,467.7,12.0,No,No,10.6,4,12,2022,400,148167.36
2023-01-10,1090,Product_10,1,Electronics,300,394.99,8.1,No,No,17.9,1,1,2023,366,108898.74
2024-08-21,1033,Product_45,1,Electronics,1,427.55,14.0,No,No,38.8,2,8,2024,36,367.69
2024-05-06,1041,Product_15,14,Electronics,69,201.49,16.4,No,No,13.8,0,5,2024,61,11622.75
2025-11-24,1018,Product_48,13,Toys,166,413.0,27.8,Yes,No,31.3,0,11,2025,139,49498.88
2023-09-17,1064,Product_50,9,Home,156,277.66,33.8,Yes,No,18.7,6,9,2023,128,28674.5
2023-02-28,1040,Product_41,3,Electronics,300,311.18,28.8,No,No,5.1,1,2,2023,264,66468.05
2022-03-15,1034,Product_20,11,Home,248,34.16,7.0,No,No,21.1,1,3,2022,254,7878.66
2022-01-11,1069,Product_57,3,Electronics,194,104.77,14.6,No,No,4.8,1,1,2022,185,17357.87
2023-07-15,1040,Product_41,6,Clothing,78,277.73,6.3,No,No,-4.9,5,7,2023,90,20298.17
2025-10-20,1046,Product_39,5,Electronics,322,34.11,27.5,No,No,5.6,0,10,2025,328,7962.98
2024-02-25,1044,Product_51,1,Electronics,334,372.02,9.9,No,No,3.7,6,2,2024,397,111953.47
2025-09-02,1025,Product_53,12,Electronics,415,420.83,21.0,Yes,No,11.7,1,9,2025,323,137969.12
2022-06-02,1012,Product_5,8,Clothing,356,460.58,31.7,No,No,35.0,3,6,2022,405,111989.11
2022-05-20,1082,Product_53,5,Clothing,737,55.38,26.8,Yes,Yes,12.5,4,5,2022,457,29876.62
2025-06-04,1009,Product_46,8,Grocery,459,470.16,11.9,No,No,33.0,2,6,2025,422,190122.83
2022-06-10,1032,Product_13,1,Home,482,38.47,13.3,No,Yes,20.0,4,6,2022,329,16076.38
2022-03-19,1066,Product_19,7,Home,40,239.66,26.1,No,No,-4.7,5,3,2022,34,7084.35
2023-08-30,1013,Product_45,8,Home,193,420.92,22.0,No,No,3.5,2,8,2023,173,63365.3
2025-10-19,1065,Product_13,5,Clothing,250,39.8,3.9,No,Yes,36.9,6,10,2025,219,9561.95
2024-10-31,1073,Product_27,12,Clothing,393,14.02,35.0,No,No,22.2,3,10,2024,359,3581.41
2022-05-29,1066,Product_41,4,Clothing,344,17.35,20.5,No,No,36.8,6,5,2022,424,4744.88
2025-06-09,1030,Product_39,2,Grocery,496,258.08,18.9,Yes,No,9.0,0,6,2025,323,103814.23
2025-06-19,1001,Product_54,8,Clothing,131,406.74,7.9,No,No,27.2,3,6,2025,187,49073.59
2025-04-16,1088,Product_7,13,Electronics,390,68.08,15.1,No,No,29.7,2,4,2025,395,22541.97
2025-09-15,1032,Product_18,6,Toys,446,66.68,13.3,Yes,Yes,38.9,0,9,2025,350,25783.96
2022-12-26,1080,Product_59,1,Grocery,637,286.43,10.8,No,Yes,-4.2,0,12,2022,401,162750.67
2026-01-09,1019,Product_34,14,Home,397,120.98,22.7,Yes,No,37.9,4,1,2026,298,37126.46
2023-04-27,1016,Product_15,7,Toys,205,366.46,18.5,No,No,12.6,3,4,2023,326,61226.3
2025-04-18,1077,Product_18,3,Clothing,144,475.07,35.6,No,No,32.7,4,4,2025,180,44056.09
2024-05-19,1093,Product_21,9,Toys,159,384.19,37.7,No,No,19.5,6,5,2024,205,38056.71
2025-03-15,1086,Product_33,5,Clothing,107,439.2,8.8,No,No,20.4,5,3,2025,145,42858.89
2024-07-30,1075,Product_17,14,Electronics,152,262.2,4.0,Yes,No,11.2,1,7,2024,135,38260.22
2024-08-21,1024,Product_37,5,Electronics,399,417.0,31.4,Yes,No,32.3,2,8,2024,329,114138.74
2024-07-13,1091,Product_27,8,Electronics,355,95.54,39.8,Yes,No,6.9,5,7,2024,197,20417.85
2025-03-14,1066,Product_37,8,Toys,132,38.83,34.5,Yes,Yes,17.2,4,3,2025,75,3357.24
2025-01-13,1017,Product_10,4,Clothing,71,329.7,0.9,No,Yes,20.2,0,1,2025,27,23198.02
2022-07-21,1012,Product_37,7,Grocery,497,30.72,10.1,No,No,28.4,3,7,2022,431,13725.79
2025-05-24,1087,Product_55,2,Clothing,163,446.78,1.7,No,No,16.2,5,5,2025,223,71587.11
2024-03-15,1027,Product_8,10,Grocery,406,347.32,32.8,No,No,25.6,4,3,2024,292,94760.01
2023-04-30,1076,Product_20,11,Toys,289,476.34,23.3,No,No,16.8,6,4,2023,453,105586.95
2024-02-11,1013,Product_41,14,Toys,82,160.37,20.5,Yes,No,24.7,6,2,2024,64,10454.52
2025-12-21,1028,Product_37,5,Electronics,641,245.65,22.2,Yes,No,25.3,6,12,2025,469,122505.16
2025-07-10,1028,Product_40,4,Home,294,372.14,10.1,No,No,26.9,3,7,2025,354,98358.83
2025-06-04,1028,Product_34,8,Grocery,448,125.18,24.1,No,No,32.0,2,6,2025,323,42565.21
2023-11-26,1067,Product_41,10,Electronics,203,273.22,1.2,No,No,19.3,6,11,2023,221,54798.1
2025-03-22,1091,Product_36,14,Toys,256,331.44,25.8,No,No,3.7,5,3,2025,356,62957.69
2023-08-01,1091,Product_5,1,Electronics,115,489.51,29.4,No,No,25.6,1,8,2023,109,39743.32
2024-10-26,1074,Product_45,4,Grocery,388,373.63,26.9,Yes,Yes,-1.5,5,10,2024,158,105971.93
2024-08-17,1020,Product_27,4,Electronics,591,63.47,13.3,Yes,No,4.9,5,8,2024,480,32521.84
2023-01-10,1096,Product_4,4,Clothing,204,240.29,33.1,Yes,Yes,30.6,1,1,2023,145,32793.82
2023-02-04,1054,Product_25,7,Clothing,326,296.44,28.6,No,No,14.6,5,2,2023,362,69000.56
2022-04-02,1054,Product_26,13,Grocery,500,77.58,5.1,No,No,17.4,5,4,2022,465,36811.71
2022-07-29,1070,Product_6,1,Electronics,263,218.82,7.8,No,No,39.4,4,7,2022,300,53060.79
2023-10-13,1076,Product_59,12,Electronics,265,145.58,25.5,Yes,No,5.6,4,10,2023,155,28741.13
2023-12-18,1095,Product_14,9,Toys,266,63.82,11.6,No,No,-4.1,0,12,2023,425,15006.89
2022-09-05,1058,Product_20,9,Toys,316,258.46,4.8,No,Yes,0.0,0,9,2022,414,77753.04
2023-09-18,1061,Product_27,10,Toys,189,86.99,6.2,No,No,6.0,0,9,2023,276,15421.76
2024-06-25,1074,Product_50,2,Clothing,46,297.32,6.6,No,Yes,27.7,1,6,2024,66,12774.06
2022-12-15,1025,Product_44,11,Clothing,208,89.0,19.1,Yes,No,29.9,3,12,2022,226,14976.21
2023-05-23,1030,Product_46,4,Home,285,363.18,24.3,Yes,No,20.4,1,5,2023,221,78354.27
2023-07-06,1062,Product_14,8,Home,107,101.64,7.1,No,No,6.5,3,7,2023,102,10103.32
2024-01-28,1006,Product_50,10,Clothing,189,448.66,28.5,No,No,18.5,6,1,2024,207,60629.67
2023-07-04,1032,Product_49,9,Grocery,121,17.97,11.2,No,No,-4.3,1,7,2023,85,1930.84
2025-01-10,1071,Product_28,5,Clothing,248,263.39,12.5,No,No,25.7,4,1,2025,349,57155.63
2023-05-07,1097,Product_33,6,Electronics,186,163.45,8.9,No,No,22.6,6,5,2023,221,27695.95
2023-10-13,1051,Product_3,7,Electronics,401,116.41,31.4,No,No,-4.0,4,10,2023,367,32022.76
2023-07-24,1039,Product_45,1,Home,388,238.44,38.4,Yes,Yes,31.8,0,7,2023,233,56989.07
2022-10-02,1044,Product_57,11,Toys,301,421.8,19.7,Yes,No,29.4,6,10,2022,359,101950.33
2024-10-25,1068,Product_28,2,Electronics,286,458.06,1.7,No,No,8.9,4,10,2024,369,128778.07
2022-12-20,1054,Product_32,7,Electronics,146,155.11,10.4,No,Yes,23.6,1,12,2022,88,20290.87
2023-03-22,1002,Product_30,10,Electronics,274,81.35,6.3,Yes,No,22.1,2,3,2023,226,20885.64
2025-04-04,1053,Product_5,2,Home,479,361.47,33.7,Yes,No,1.4,4,4,2025,377,114794.56
2025-11-24,1040,Product_37,14,Grocery,572,293.09,3.4,Yes,Yes,3.7,0,11,2025,300,161947.47
2024-10-03,1070,Product_43,6,Grocery,236,104.5,38.7,Yes,No,25.7,3,10,2024,118,15117.81
2025-10-06,1087,Product_55,1,Electronics,519,381.35,23.5,Yes,No,37.0,0,10,2025,417,151409.3
2025-07-05,1096,Product_55,10,Toys,108,261.87,20.7,Yes,No,20.9,5,7,2025,107,22427.59
2023-12-23,1061,Product_30,8,Clothing,397,328.43,33.9,No,No,20.6,5,12,2023,496,86185.62
2025-03-01,1036,Product_57,9,Home,290,182.87,1.1,No,No,24.1,5,3,2025,356,52448.94
2023-05-08,1044,Product_32,11,Home,257,222.35,31.1,No,Yes,14.8,0,5,2023,168,39372.18
2023-11-22,1017,Product_38,7,Electronics,124,94.27,4.7,No,No,-2.6,2,11,2023,105,11140.07
2024-03-14,1093,Product_36,12,Toys,309,379.48,33.6,No,No,12.8,3,3,2024,451,77860.19
2025-12-11,1084,Product_59,6,Clothing,234,82.72,21.2,No,No,35.5,3,12,2025,266,15252.91
2025-06-26,1085,Product_44,8,Home,284,390.26,2.4,No,No,31.2,3,6,2025,404,108173.83
2024-01-04,1032,Product_8,3,Grocery,568,400.01,33.3,No,No,36.7,3,1,2024,417,151546.19
2024-09-05,1032,Product_5,9,Toys,12,374.57,1.1,Yes,No,1.9,3,9,2024,43,4445.4
2022-10-31,1085,Product_25,4,Toys,206,14.61,5.5,No,No,17.8,0,10,2022,345,2844.13
2025-04-21,1054,Product_31,10,Clothing,188,140.2,31.9,No,No,21.3,0,4,2025,173,17949.53
2024-04-09,1070,Product_40,12,Electronics,425,236.83,18.6,No,No,4.4,1,4,2024,454,81931.34
2024-03-10,1048,Product_29,13,Toys,100,299.79,35.3,Yes,No,4.0,6,3,2024,117,19396.41
2025-02-23,1044,Product_31,14,Toys,35,460.01,25.4,No,No,30.2,6,2,2025,26,12010.86
2024-08-07,1063,Product_55,2,Clothing,316,190.92,24.9,No,No,25.2,2,8,2024,335,45308.37
2022-04-19,1081,Product_20,2,Clothing,223,438.14,11.7,No,No,24.1,1,4,2022,280,86273.71
2023-03-09,1033,Product_30,13,Grocery,426,85.9,5.3,Yes,No,7.0,3,3,2023,282,34653.95
2022-09-23,1080,Product_33,6,Electronics,171,188.78,38.4,No,No,17.8,4,9,2022,139,19885.33
2025-01-07,1024,Product_28,1,Toys,160,30.88,4.2,No,No,-4.0,1,1,2025,252,4733.29
2022-02-22,1040,Product_58,5,Clothing,476,372.53,21.2,Yes,No,0.8,1,2,2022,482,139731.53
2022-10-31,1091,Product_57,12,Grocery,450,79.57,10.9,No,No,18.3,0,10,2022,384,31903.59
2024-06-15,1095,Product_31,5,Home,405,132.22,10.6,No,No,8.9,5,6,2024,492,47872.9
2024-11-08,1092,Product_27,2,Electronics,165,388.74,23.8,No,No,38.5,4,11,2024,173,48876.28
2024-01-25,1031,Product_35,11,Electronics,604,269.68,31.9,Yes,No,16.2,3,1,2024,436,110925.86
2025-07-15,1084,Product_11,3,Grocery,336,11.92,31.1,No,No,-1.2,1,7,2025,197,2759.53
2025-10-10,1093,Product_26,5,Clothing,461,6.11,34.8,No,No,-4.2,4,10,2025,468,1836.49
2022-07-18,1097,Product_13,1,Grocery,668,257.78,11.7,Yes,No,27.6,0,7,2022,434,152049.99
2025-11-29,1002,Product_9,9,Electronics,116,155.95,18.6,Yes,No,2.7,5,11,2025,90,14725.42
2024-07-10,1074,Product_6,7,Grocery,570,94.25,0.4,Yes,No,3.5,2,7,2024,486,53507.61
2024-08-12,1099,Product_35,13,Grocery,743,308.73,29.9,Yes,Yes,14.1,0,8,2024,307,160799.86
2022-05-23,1076,Product_1,5,Clothing,297,118.08,12.1,No,No,6.9,0,5,2022,390,30826.32
2024-07-21,1023,Product_39,3,Clothing,244,298.14,22.5,No,No,22.7,6,7,2024,293,56378.27
2024-12-24,1076,Product_26,3,Toys,70,192.74,6.8,Yes,No,16.9,1,12,2024,116,12574.36
2024-05-21,1010,Product_22,3,Toys,360,97.44,32.8,No,No,0.0,1,5,2024,492,23572.68
2022-05-07,1048,Product_46,7,Grocery,100,73.36,32.7,Yes,No,30.3,5,5,2022,65,4937.13
2024-02-24,1062,Product_32,2,Toys,311,122.25,35.1,No,No,14.2,5,2,2024,406,24674.82
2025-11-04,1045,Product_44,6,Clothing,95,19.77,1.8,No,No,22.5,1,11,2025,112,1844.34
2024-12-21,1069,Product_42,12,Electronics,462,157.52,39.7,No,No,-4.8,5,12,2024,394,43882.87
2022-07-26,1024,Product_2,11,Grocery,265,451.47,9.9,No,No,23.2,1,7,2022,217,107795.23
2025-12-10,1060,Product_13,9,Home,168,416.52,12.4,No,Yes,7.7,2,12,2025,125,61298.42
2025-12-09,1064,Product_34,13,Toys,81,189.14,10.0,Yes,No,17.2,1,12,2025,125,13788.31
2022-09-12,1063,Product_58,11,Grocery,263,290.04,10.7,Yes,No,8.4,0,9,2022,166,68118.5
2025-04-16,1028,Product_10,10,Electronics,449,285.84,22.1,No,No,39.8,2,4,2025,451,99978.54
2023-09-03,1030,Product_7,13,Electronics,417,415.23,9.6,Yes,No,5.4,6,9,2023,386,156528.42
2024-06-09,1025,Product_56,2,Electronics,466,121.96,15.8,No,Yes,36.1,6,6,2024,338,47853.69
2023-10-30,1046,Product_58,12,Home,399,151.71,26.2,Yes,No,36.3,0,10,2023,318,44672.83
2025-03-19,1058,Product_10,5,Clothing,198,154.38,33.4,No,No,13.9,2,3,2025,214,20357.78
2026-02-03,1036,Product_24,11,Clothing,573,25.23,27.7,No,Yes,8.7,1,2,2026,451,10452.26
2025-04-07,1040,Product_37,13,Home,251,160.77,23.8,No,Yes,12.1,0,4,2025,144,30749.19
2025-10-29,1028,Product_12,7,Toys,367,439.57,5.9,No,Yes,39.5,2,10,2025,472,151804.18
2025-11-20,1021,Product_20,2,Home,207,456.43,32.6,Yes,No,22.8,3,11,2025,196,63680.2
2022-05-16,1065,Product_24,6,Electronics,209,59.27,1.5,Yes,No,19.5,0,5,2022,177,12201.62
2023-01-16,1081,Product_38,6,Clothing,173,231.74,10.6,No,No,-3.4,0,1,2023,243,35841.37
2024-12-18,1029,Product_19,14,Toys,277,193.77,2.3,No,Yes,33.2,2,12,2024,376,52439.78
2024-06-04,1086,Product_25,14,Home,338,247.23,26.7,No,No,-1.2,1,6,2024,359,61252.22
2022-03-17,1057,Product_18,8,Grocery,484,279.59,14.7,No,No,-2.9,3,3,2022,385,115429.29
2022-05-23,1016,Product_45,14,Grocery,111,15.03,26.1,No,No,7.4,0,5,2022,53,1232.9
2024-02-20,1036,Product_10,7,Toys,76,421.91,13.9,Yes,No,16.4,1,2,2024,88,27608.1
2024-07-13,1000,Product_14,6,Electronics,343,486.96,18.2,No,No,35.3,5,7,2024,425,136628.32
2022-09-09,1003,Product_15,12,Clothing,402,328.44,18.3,No,No,30.6,4,9,2022,490,107870.86
2022-09-14,1033,Product_54,10,Electronics,70,331.92,1.8,No,No,3.9,2,9,2022,72,22816.18
2022-07-14,1045,Product_56,8,Toys,288,266.35,17.2,No,No,11.7,3,7,2022,453,63514.89
2024-04-27,1079,Product_30,7,Electronics,166,170.47,25.6,No,No,30.1,5,4,2024,138,21053.73
2022-01-12,1013,Product_10,10,Electronics,501,78.74,21.8,No,No,18.7,2,1,2022,489,30848.91
2024-05-08,1083,Product_45,11,Grocery,481,294.11,3.0,No,No,2.9,2,5,2024,496,137222.9
2023-12-15,1023,Product_30,7,Grocery,786,27.25,26.7,Yes,Yes,12.8,4,12,2023,322,15699.76
2023-11-30,1013,Product_51,1,Clothing,103,413.13,12.4,No,No,23.2,3,11,2023,103,37275.89
2024-10-15,1069,Product_22,2,Grocery,400,213.35,0.6,No,No,38.8,1,10,2024,396,84827.96
2024-02-23,1077,Product_59,3,Grocery,62,210.3,6.2,No,No,24.8,4,2,2024,59,12230.21
2024-12-27,1060,Product_48,7,Clothing,194,166.95,19.9,Yes,No,-4.3,4,12,2024,173,25943.03
2025-02-19,1011,Product_14,9,Clothing,255,484.83,12.4,No,No,26.7,2,2,2025,322,108301.33
2025-10-12,1011,Product_43,12,Toys,32,91.58,27.8,No,No,6.3,6,10,2025,43,2115.86
2025-04-13,1039,Product_17,4,Clothing,227,79.9,9.6,Yes,No,33.8,6,4,2025,202,16396.12
2024-02-16,1045,Product_21,12,Clothing,450,86.94,30.9,Yes,No,12.3,4,2,2024,400,27033.99
2024-01-09,1099,Product_15,10,Home,74,330.97,11.5,Yes,No,4.0,1,1,2024,54,21675.23
2022-12-20,1028,Product_41,1,Electronics,170,495.99,24.8,No,No,16.1,1,12,2022,189,63407.36
2024-06-18,1019,Product_16,5,Home,26,121.56,32.0,No,No,6.5,1,6,2024,11,2149.18
2022-07-28,1094,Product_38,5,Toys,291,453.28,15.4,Yes,No,5.6,3,7,2022,332,111591.19
2025-10-28,1015,Product_35,13,Grocery,41,142.92,1.9,No,No,20.8,1,10,2025,48,5748.39
2025-06-21,1002,Product_45,13,Electronics,164,325.71,21.4,No,No,29.5,5,6,2025,147,41985.32
2022-06-29,1042,Product_59,12,Grocery,655,25.05,39.8,No,Yes,32.6,2,6,2022,266,9877.47
2025-03-24,1040,Product_1,8,Grocery,203,250.35,38.8,No,No,12.9,0,3,2025,115,31102.48
2022-06-25,1061,Product_59,7,Clothing,104,329.01,8.8,No,Yes,-2.0,5,6,2022,123,31205.94
2024-12-17,1087,Product_7,5,Toys,399,270.48,30.2,No,Yes,16.8,1,12,2024,419,75329.22
2022-05-12,1093,Product_32,11,Clothing,378,122.73,13.8,Yes,No,14.5,3,5,2022,391,39989.85
2024-01-03,1028,Product_21,2,Electronics,49,415.11,6.4,No,No,3.9,2,1,2024,49,19038.61
2024-09-13,1098,Product_38,4,Grocery,530,485.22,26.6,No,No,35.3,4,9,2024,430,188760.28
2024-12-29,1063,Product_43,2,Home,198,232.3,20.0,No,No,38.8,6,12,2024,239,36796.32
2023-09-20,1006,Product_51,7,Grocery,85,319.78,21.6,No,No,-2.7,2,9,2023,80,21310.14
2025-10-14,1093,Product_24,5,Clothing,388,396.25,33.1,No,No,30.8,1,10,2025,454,102855.4
2025-03-07,1013,Product_56,3,Home,164,124.54,13.5,No,No,24.1,4,3,2025,175,17667.24
2022-11-09,1058,Product_20,6,Grocery,340,432.9,26.7,Yes,No,6.8,2,11,2022,169,107887.34
2024-10-03,1079,Product_13,13,Home,72,143.7,14.6,No,No,23.6,3,10,2024,81,8835.83
2024-12-31,1024,Product_23,8,Grocery,523,389.04,1.7,Yes,No,0.8,1,12,2024,444,200008.97
2023-05-16,1027,Product_32,12,Electronics,177,60.49,15.1,Yes,No,-1.9,1,5,2023,150,9090.01
2025-01-12,1047,Product_40,13,Grocery,800,147.75,38.0,Yes,Yes,39.7,6,1,2025,300,73284.0
2025-09-09,1088,Product_50,13,Clothing,142,269.14,19.3,Yes,No,23.6,1,9,2025,127,30841.83
2025-05-10,1022,Product_14,5,Electronics,362,264.84,4.3,No,No,6.4,5,5,2025,448,91749.58
2025-02-17,1066,Product_18,13,Toys,269,425.96,27.5,No,No,15.3,0,2,2025,395,83072.85
2024-08-09,1045,Product_56,13,Clothing,302,498.08,38.5,No,Yes,37.8,4,8,2024,256,92508.4
2023-02-10,1011,Product_26,14,Electronics,296,58.07,36.3,Yes,No,14.7,4,2,2023,179,10949.21
2025-04-07,1071,Product_15,5,Toys,283,139.34,22.9,No,No,35.5,0,4,2025,330,30403.01
2023-07-01,1083,Product_59,4,Toys,181,182.01,15.1,No,No,34.1,5,7,2023,252,27969.29
2024-03-09,1057,Product_27,9,Electronics,471,242.06,23.2,No,No,10.5,5,3,2024,471,87559.88
2023-04-17,1017,Product_59,14,Electronics,356,249.49,32.6,No,No,26.3,0,4,2023,340,59863.63
2023-04-15,1015,Product_55,13,Grocery,1,428.82,34.4,No,No,24.7,5,4,2023,23,281.31
2022-08-25,1042,Product_54,8,Clothing,481,386.43,32.8,Yes,No,29.7,3,8,2022,412,124906.54
2025-12-12,1050,Product_35,3,Home,137,14.33,18.2,No,No,11.5,4,12,2025,104,1605.91
2022-08-10,1055,Product_48,6,Clothing,116,230.24,4.8,No,No,-2.6,2,8,2022,157,25425.86
2022-05-10,1024,Product_57,10,Home,297,310.95,22.8,Yes,No,2.7,1,5,2022,223,71295.86
2025-11-05,1050,Product_16,8,Electronics,156,232.9,6.3,No,Yes,22.7,2,11,2025,112,34043.46
2024-04-12,1029,Product_3,5,Home,543,69.67,2.4,No,Yes,29.9,4,4,2024,471,36922.87
2023-10-19,1068,Product_19,5,Toys,337,201.75,19.9,No,No,29.0,3,10,2023,489,54459.79
2025-01-11,1079,Product_38,1,Clothing,123,208.77,26.2,No,Yes,21.3,5,1,2025,86,18950.89
2023-07-29,1065,Product_33,5,Clothing,155,97.92,34.2,No,No,-1.2,5,7,2023,166,9986.86
2022-07-11,1000,Product_5,10,Grocery,248,379.37,31.3,No,No,-4.2,0,7,2022,191,64635.54
2024-12-30,1099,Product_34,4,Toys,392,164.09,34.3,No,Yes,30.2,0,12,2024,338,42260.39
2022-09-21,1002,Product_11,14,Electronics,311,296.55,30.4,No,No,19.7,2,9,2022,302,64190.03
2024-04-09,1099,Product_30,2,Grocery,458,260.29,28.1,No,No,30.2,1,4,2024,342,85714.02
2025-11-24,1003,Product_34,9,Electronics,2,439.33,0.4,Yes,No,2.3,0,11,2025,25,875.15
2025-11-05,1051,Product_38,7,Toys,213,65.4,25.0,No,No,13.3,2,11,2025,261,10447.65
2023-06-26,1010,Product_25,12,Clothing,108,61.56,4.8,No,No,36.4,0,6,2023,113,6329.35
2025-03-16,1009,Product_25,13,Toys,66,153.66,2.3,No,No,2.7,6,3,2025,121,9908.3
2024-07-08,1068,Product_41,8,Home,311,218.45,6.3,No,No,-2.2,0,7,2024,389,63657.86
2023-12-21,1072,Product_45,9,Clothing,115,152.78,32.9,No,No,24.4,3,12,2023,79,11789.27
2022-07-29,1011,Product_48,10,Clothing,2,382.78,29.8,No,No,21.8,4,7,2022,25,537.42
2023-07-19,1097,Product_20,8,Grocery,417,126.41,38.0,Yes,No,37.8,2,7,2023,248,32682.04
2024-09-04,1032,Product_26,3,Clothing,466,46.96,39.2,Yes,No,35.8,2,9,2024,370,13305.08
2026-01-19,1031,Product_20,7,Home,329,209.83,35.7,No,No,28.7,0,1,2026,260,44388.91
2022-01-08,1029,Product_32,4,Toys,46,387.82,5.3,No,No,-4.1,5,1,2022,89,16894.21
2024-12-12,1046,Product_8,7,Clothing,453,426.03,35.1,Yes,No,16.6,3,12,2024,388,125251.54
2025-06-23,1017,Product_26,9,Toys,193,368.01,33.5,Yes,No,35.3,0,6,2025,197,47232.24
2025-11-27,1042,Product_12,3,Toys,328,281.15,34.8,Yes,No,14.5,3,11,2025,357,60125.61
2023-09-28,1020,Product_32,4,Clothing,87,363.47,6.1,No,No,38.3,3,9,2023,109,29692.95
2022-06-27,1005,Product_51,12,Clothing,316,342.29,4.7,No,No,24.4,0,6,2022,456,103079.95
2023-02-11,1036,Product_59,6,Electronics,255,121.01,37.0,No,Yes,-0.1,5,2,2023,148,19440.26
2025-06-29,1067,Product_27,3,Grocery,830,277.63,7.0,Yes,Yes,17.9,6,6,2025,485,214302.6
2025-08-09,1076,Product_4,10,Toys,157,386.45,14.7,Yes,No,26.3,5,8,2025,194,51753.77
2024-08-13,1035,Product_14,11,Electronics,480,161.97,18.2,Yes,No,-2.1,1,8,2024,366,63595.9
2022-07-04,1032,Product_7,12,Grocery,273,328.72,5.0,No,No,10.5,0,7,2022,256,85253.53
2022-07-02,1078,Product_45,11,Home,86,243.33,0.8,Yes,No,27.3,5,7,2022,47,20758.97
2023-12-19,1068,Product_59,14,Grocery,124,254.06,39.8,No,No,2.1,1,12,2023,58,18965.07
2024-06-01,1083,Product_33,9,Toys,178,49.58,35.1,No,No,10.7,5,6,2024,208,5727.58
2022-02-18,1090,Product_11,5,Home,100,334.78,36.5,No,No,26.0,4,2,2022,104,21258.53
2024-10-26,1082,Product_2,13,Electronics,261,433.52,11.4,No,No,29.9,5,10,2024,308,100249.77
2024-03-27,1093,Product_58,4,Grocery,98,75.01,8.8,Yes,No,18.3,2,3,2024,77,6704.09
2022-01-19,1041,Product_19,5,Home,469,186.22,17.0,Yes,Yes,38.1,2,1,2022,299,72489.86
2022-05-24,1039,Product_7,12,Toys,136,29.09,18.1,No,Yes,36.6,1,5,2022,110,3240.16
2023-11-13,1032,Product_11,13,Toys,137,19.67,0.2,No,Yes,16.3,0,11,2023,98,2689.4
2024-12-19,1023,Product_16,5,Toys,143,494.88,31.2,No,No,2.2,3,12,2024,189,48688.27
2025-05-23,1074,Product_39,11,Electronics,321,249.27,39.9,No,No,29.8,4,5,2025,295,48089.42
2023-10-09,1071,Product_53,13,Home,170,180.98,21.1,No,No,5.9,0,10,2023,205,24274.85
2023-03-20,1080,Product_17,12,Electronics,259,141.06,15.5,No,Yes,32.9,0,3,2023,181,30871.69
2025-12-23,1016,Product_41,1,Electronics,177,490.11,15.7,No,No,21.4,1,12,2025,176,73129.8
2023-11-19,1049,Product_4,10,Home,188,129.86,3.8,Yes,No,12.7,6,11,2023,176,23485.96
2023-04-19,1022,Product_1,3,Clothing,211,364.23,10.6,Yes,No,20.0,2,4,2023,207,68706.16
2023-10-26,1089,Product_4,12,Home,478,145.46,20.1,Yes,No,19.0,3,10,2023,418,55554.37
2022-01-19,1026,Product_55,1,Toys,309,39.89,17.3,No,Yes,36.6,2,1,2022,293,10193.61
2023-03-29,1014,Product_35,14,Electronics,179,343.22,21.8,No,No,4.6,2,3,2023,216,48043.25
2024-02-13,1056,Product_48,3,Clothing,506,5.81,34.0,Yes,No,36.8,1,2,2024,377,1940.31
2025-10-09,1087,Product_2,6,Toys,186,339.5,9.0,Yes,No,-3.6,3,10,2025,268,57463.77
2025-01-12,1091,Product_2,4,Clothing,350,128.94,1.1,No,No,29.6,6,1,2025,475,44632.58
2025-03-17,1009,Product_51,12,Clothing,193,374.32,1.5,No,No,36.4,0,3,2025,285,71160.1
2024-03-28,1032,Product_7,6,Clothing,105,386.03,5.4,Yes,No,12.7,3,3,2024,115,38344.36
2022-06-15,1015,Product_10,11,Toys,192,363.43,22.8,No,No,-1.7,2,6,2022,285,53869.05
2023-08-10,1030,Product_31,1,Electronics,629,17.12,32.3,No,Yes,31.2,3,8,2023,389,7290.26
2026-02-04,1053,Product_36,7,Toys,100,353.35,35.5,No,No,32.9,2,2,2026,114,22791.08
2022-03-08,1028,Product_14,13,Toys,92,495.12,25.4,No,No,10.1,1,3,2022,109,33981.08
2025-08-11,1006,Product_27,13,Toys,289,125.1,16.1,Yes,No,18.3,0,8,2025,303,30333.12
2024-10-23,1051,Product_40,3,Clothing,421,140.75,6.2,Yes,No,31.4,2,10,2024,443,55581.89
2023-03-02,1005,Product_27,6,Clothing,171,407.7,16.1,No,No,3.6,3,3,2023,173,58492.31
2025-03-12,1022,Product_23,6,Grocery,401,84.4,13.3,Yes,No,23.3,2,3,2025,258,29343.09
2025-06-09,1000,Product_5,8,Grocery,480,331.99,34.8,No,No,14.4,0,6,2025,330,103899.59
2022-03-06,1008,Product_27,8,Toys,287,378.74,19.5,Yes,No,2.8,6,3,2022,335,87502.2
2022-06-09,1043,Product_48,2,Clothing,76,23.39,9.0,No,No,32.4,3,6,2022,81,1617.65
2024-09-25,1085,Product_37,11,Home,181,279.11,11.6,No,No,9.6,2,9,2024,203,44658.72
2026-02-07,1077,Product_53,4,Electronics,433,290.06,5.5,No,No,37.0,5,2,2026,497,118688.2
2022-02-05,1009,Product_8,5,Home,465,155.2,36.7,No,No,20.6,5,2,2022,445,45682.34
2024-09-25,1003,Product_1,12,Home,296,438.79,2.0,No,No,18.2,2,9,2024,388,127284.2
2022-07-24,1033,Product_33,10,Toys,52,85.56,0.5,Yes,No,14.0,6,7,2022,21,4426.87
2024-09-02,1065,Product_11,6,Electronics,200,185.28,7.3,No,No,13.0,0,9,2024,214,34350.91
2024-07-23,1074,Product_36,13,Clothing,1,425.09,32.4,Yes,No,31.8,1,7,2024,35,287.36
2022-05-16,1082,Product_54,6,Clothing,259,99.37,20.9,No,Yes,25.5,0,5,2022,157,20357.83
2024-10-18,1034,Product_20,8,Clothing,357,411.58,25.0,No,No,29.8,4,10,2024,433,110200.54
2025-09-07,1016,Product_33,4,Electronics,242,44.14,14.3,Yes,No,13.9,6,9,2025,200,9154.37
2025-07-19,1002,Product_41,3,Clothing,100,247.17,2.7,Yes,Yes,6.8,5,7,2025,92,24049.64
2022-02-13,1014,Product_9,7,Grocery,505,42.29,34.2,No,No,-1.1,6,2,2022,363,14052.54
2023-01-04,1006,Product_53,8,Home,368,340.56,7.7,Yes,No,29.9,2,1,2023,381,115675.97
2022-12-28,1086,Product_12,12,Grocery,312,396.35,1.3,No,No,13.7,2,12,2022,331,122053.6
2023-11-11,1026,Product_48,6,Clothing,560,425.68,22.9,Yes,Yes,17.9,5,11,2023,406,183791.6
2022-08-03,1082,Product_39,13,Home,273,490.72,3.3,No,No,16.1,2,8,2022,354,129545.66
2025-07-05,1055,Product_9,9,Electronics,435,337.65,3.8,No,Yes,14.4,5,7,2025,320,141296.4
2025-03-11,1053,Product_43,1,Home,632,385.69,32.0,No,Yes,25.8,1,3,2025,445,165754.13
2025-04-27,1045,Product_12,11,Home,233,255.35,19.7,Yes,No,22.4,6,4,2025,168,47775.73
2022-10-25,1081,Product_36,9,Electronics,194,456.8,9.7,No,No,38.7,1,10,2022,233,80023.14
2022-01-22,1004,Product_57,6,Electronics,268,323.66,13.9,No,No,1.3,5,1,2022,285,74683.9
2025-09-27,1009,Product_57,7,Toys,246,442.36,29.2,No,No,20.8,5,9,2025,338,77044.96
2023-03-10,1042,Product_52,5,Grocery,254,121.55,2.7,No,No,-2.2,4,3,2023,243,30040.11
2024-09-11,1039,Product_30,9,Toys,133,250.89,4.7,No,No,31.4,2,9,2024,226,31800.06
2025-09-26,1054,Product_34,8,Clothing,142,366.26,24.7,No,Yes,22.7,4,9,2025,91,39162.72
2022-02-24,1073,Product_18,7,Grocery,456,105.35,24.3,No,No,14.3,3,2,2022,322,36365.98
2022-01-09,1058,Product_55,4,Grocery,138,109.61,38.9,No,No,31.1,6,1,2022,70,9242.1
2022-01-09,1025,Product_29,6,Home,176,489.13,15.0,No,No,15.5,6,1,2022,242,73173.85
2022-08-23,1032,Product_46,7,Electronics,226,220.13,2.6,Yes,No,5.3,1,8,2022,210,48455.9
2022-03-19,1075,Product_22,7,Clothing,310,95.0,21.5,No,No,16.3,5,3,2022,390,23118.25
2025-05-14,1020,Product_44,5,Grocery,328,169.07,25.5,No,No,-1.8,2,5,2025,243,41313.95
2024-06-27,1050,Product_14,9,Electronics,35,201.7,5.6,No,No,35.4,3,6,2024,12,6664.17
2026-01-10,1053,Product_44,4,Grocery,311,313.43,22.1,No,No,27.9,5,1,2026,257,75934.37
2025-04-17,1075,Product_3,8,Clothing,88,461.89,7.9,No,No,29.2,3,4,2025,115,37435.26
2025-12-15,1071,Product_7,2,Home,199,493.36,33.8,No,No,34.4,0,12,2025,196,64994.26
2022-12-24,1046,Product_21,7,Electronics,182,327.59,33.4,No,No,30.6,5,12,2022,155,39707.84
2023-03-08,1030,Product_29,11,Toys,46,351.46,17.2,No,No,14.4,2,3,2023,91,13386.41
2025-06-28,1036,Product_42,12,Toys,370,164.31,38.7,No,No,0.3,5,6,2025,473,37267.15
2023-01-03,1041,Product_22,10,Home,150,429.29,39.2,No,No,11.8,1,1,2023,134,39151.25
2022-03-27,1021,Product_2,11,Toys,234,112.81,5.2,Yes,No,37.0,6,3,2022,258,25024.87
2024-09-30,1062,Product_20,1,Clothing,336,57.66,14.7,No,No,37.7,0,9,2024,415,16525.82
2025-04-16,1020,Product_26,5,Toys,135,486.76,24.0,No,No,29.6,2,4,2025,188,49941.58
2025-12-23,1064,Product_33,10,Home,369,432.75,3.4,No,No,4.2,1,12,2025,469,154255.47
2025-10-23,1075,Product_38,12,Clothing,176,155.3,15.3,No,No,3.8,3,10,2025,208,23150.88
2022-06-30,1096,Product_15,9,Electronics,443,339.21,10.4,No,No,34.6,3,6,2022,473,134641.95
2025-03-04,1011,Product_37,12,Clothing,257,236.17,38.1,No,No,1.4,1,3,2025,231,37570.63
2025-06-23,1075,Product_38,4,Toys,49,164.95,16.5,No,No,21.3,0,6,2025,17,6748.93
2024-11-13,1008,Product_46,3,Toys,335,146.95,30.5,No,No,12.0,2,11,2024,435,34213.63
2025-05-14,1033,Product_31,2,Clothing,502,72.33,15.5,Yes,No,8.6,2,5,2025,433,30681.66
2025-06-10,1017,Product_48,9,Grocery,489,276.91,5.3,No,No,25.5,1,6,2025,481,128232.31
2023-11-01,1016,Product_14,10,Home,141,226.07,34.5,No,No,38.2,2,11,2023,70,20878.69
2022-03-02,1017,Product_42,4,Electronics,360,258.53,0.0,No,No,30.0,2,3,2022,423,93070.8
2023-11-16,1004,Product_3,11,Electronics,193,111.6,2.2,No,No,16.9,3,11,2023,177,21064.95
2022-10-30,1082,Product_7,11,Clothing,315,469.61,14.6,No,No,14.8,6,10,2022,422,126329.79
2022-06-20,1006,Product_52,6,Toys,445,321.1,27.5,Yes,No,35.8,0,6,2022,482,103594.89
2022-07-07,1039,Product_29,4,Grocery,200,450.3,13.7,Yes,No,21.0,3,7,2022,107,77721.78
2024-11-12,1069,Product_37,11,Clothing,135,59.09,2.7,No,No,17.3,1,11,2024,191,7761.77
2024-01-27,1099,Product_36,10,Grocery,206,313.31,12.7,Yes,No,25.7,5,1,2024,141,56345.04
2024-03-20,1085,Product_41,3,Clothing,80,425.48,9.8,No,No,5.7,2,3,2024,159,30702.64
2025-01-22,1013,Product_15,4,Electronics,254,168.81,0.2,No,No,-2.1,2,1,2025,302,42791.98
2024-04-02,1098,Product_11,7,Clothing,225,101.6,21.4,Yes,No,33.5,1,4,2024,212,17967.96
2024-08-03,1065,Product_3,8,Clothing,245,136.19,4.7,No,No,22.3,5,8,2024,331,31798.32
2022-05-10,1017,Product_52,3,Grocery,663,140.1,11.5,No,Yes,2.4,1,5,2022,340,82204.38
2025-06-30,1044,Product_14,14,Grocery,210,226.36,25.6,No,No,8.4,0,6,2025,109,35366.49
2023-11-05,1091,Product_34,6,Home,21,166.35,29.0,No,No,39.5,6,11,2023,31,2480.28
2022-08-21,1039,Product_27,6,Electronics,361,139.28,10.5,No,No,23.5,6,8,2022,375,45000.67
2025-05-04,1018,Product_10,1,Electronics,204,326.01,13.2,Yes,Yes,23.6,6,5,2025,98,57727.24
2025-01-06,1087,Product_25,13,Electronics,147,31.25,9.9,Yes,No,-1.8,0,1,2025,107,4138.97
2022-03-21,1095,Product_5,4,Toys,250,173.48,38.3,No,No,38.6,0,3,2022,304,26759.29
2022-10-17,1097,Product_11,14,Grocery,162,346.43,7.6,No,No,35.2,0,10,2022,138,51856.41
2022-01-24,1095,Product_9,7,Electronics,85,92.05,7.3,No,No,19.7,0,1,2022,102,7253.08
2023-02-11,1087,Product_49,13,Toys,148,114.36,17.8,No,Yes,8.9,5,2,2023,160,13912.58
2022-05-30,1045,Product_34,3,Electronics,318,104.33,7.6,Yes,No,26.4,0,5,2022,266,30655.49
2024-11-30,1019,Product_55,3,Grocery,477,5.46,6.3,No,No,32.5,5,11,2024,424,2440.34
2024-02-23,1061,Product_26,12,Electronics,403,239.52,3.8,No,No,30.4,4,2,2024,494,92858.55
2026-01-10,1022,Product_12,12,Home,350,24.28,25.6,No,No,39.0,5,1,2026,368,6322.51
2025-01-29,1047,Product_36,8,Home,599,140.11,24.5,No,Yes,23.7,2,1,2025,450,63364.05
2024-07-06,1065,Product_55,1,Home,331,497.43,26.0,Yes,No,9.5,5,7,2024,270,121840.5
2024-02-03,1094,Product_32,14,Grocery,332,459.61,30.9,Yes,No,17.4,5,2,2024,210,105440.05
2022-03-23,1028,Product_2,6,Grocery,525,111.46,13.1,No,No,31.7,2,3,2022,411,50850.84
2022-04-16,1025,Product_18,14,Toys,124,158.45,36.7,No,No,6.9,5,4,2022,158,12437.06
2024-07-13,1073,Product_55,13,Toys,425,234.53,29.3,No,Yes,5.4,5,7,2024,408,70470.4
2022-01-07,1000,Product_31,12,Electronics,512,422.98,32.2,No,No,27.6,4,1,2022,499,146831.59
2022-03-05,1056,Product_57,10,Home,259,402.31,28.8,Yes,No,15.0,5,3,2022,201,74189.18
2022-11-25,1074,Product_31,10,Toys,207,67.49,14.3,No,No,31.7,4,11,2022,320,11972.66
2025-08-19,1055,Product_1,8,Clothing,437,66.6,11.3,Yes,No,1.5,1,8,2025,392,25815.43
2023-11-20,1038,Product_52,1,Home,394,211.28,16.9,Yes,No,10.1,0,11,2023,393,69176.03
2024-11-30,1082,Product_46,6,Electronics,129,435.7,3.9,No,No,7.1,5,11,2024,111,54013.29
2023-09-10,1037,Product_43,11,Electronics,449,441.63,18.1,No,No,26.4,6,9,2023,481,162401.04
2022-09-17,1071,Product_58,12,Electronics,340,58.15,1.7,No,Yes,29.2,5,9,2022,256,19434.89
2023-07-11,1046,Product_12,8,Electronics,79,289.28,0.2,Yes,No,15.5,1,7,2023,30,22807.41
2022-05-18,1002,Product_54,10,Toys,91,82.06,37.3,No,No,16.5,2,5,2022,67,4682.1
2025-03-01,1053,Product_14,1,Home,331,344.63,27.6,No,No,0.9,5,3,2025,366,82588.51
2022-10-03,1004,Product_58,7,Home,209,458.63,22.5,No,No,26.6,0,10,2022,219,74286.59
2023-07-19,1093,Product_12,8,Grocery,143,230.11,13.6,No,No,39.7,2,7,2023,62,28430.55
2026-01-10,1060,Product_33,13,Toys,185,46.13,22.8,No,No,30.0,5,1,2026,264,6588.29
2024-06-06,1037,Product_47,5,Electronics,493,291.73,35.7,Yes,No,5.0,3,6,2024,303,92478.12
2023-11-19,1048,Product_5,4,Toys,56,207.22,26.1,No,No,23.0,6,11,2023,49,8575.59
2024-03-25,1061,Product_4,5,Electronics,172,406.39,24.1,No,No,8.3,0,3,2024,181,53053.4
2025-03-22,1026,Product_51,3,Electronics,311,173.47,18.4,No,Yes,-3.6,5,3,2025,236,44022.52
2023-01-17,1028,Product_4,8,Electronics,347,438.07,13.8,No,No,3.1,1,1,2023,392,131032.87
2024-08-12,1041,Product_37,9,Home,285,140.48,27.9,No,No,-0.4,0,8,2024,329,28866.53
2025-08-02,1025,Product_56,12,Grocery,102,82.97,39.2,No,No,3.8,5,8,2025,52,5145.47
2024-05-08,1075,Product_37,14,Clothing,320,156.71,17.0,Yes,No,30.8,2,5,2024,310,41622.18
2023-11-01,1010,Product_29,2,Clothing,497,22.28,15.7,No,Yes,8.2,2,11,2023,452,9334.67
2022-08-06,1082,Product_25,4,Home,71,144.22,17.1,No,No,29.1,5,8,2022,36,8488.64
2023-01-08,1034,Product_38,5,Grocery,563,331.76,17.0,No,No,37.7,6,1,2023,493,155028.13
2025-11-20,1056,Product_34,4,Electronics,82,75.43,39.6,No,No,20.8,3,11,2025,56,3735.9
2024-03-22,1015,Product_30,12,Grocery,528,60.13,28.3,Yes,No,16.8,4,3,2024,315,22763.77
2023-03-29,1038,Product_10,2,Grocery,248,70.53,14.4,No,No,28.8,2,3,2023,182,14972.67
2023-09-20,1075,Product_40,1,Home,337,43.39,14.9,No,No,-0.6,2,9,2023,368,12443.69
2024-05-17,1027,Product_44,13,Home,483,437.94,17.2,No,Yes,14.3,4,5,2024,422,175142.72
2024-03-17,1013,Product_42,14,Electronics,342,472.34,1.5,No,No,17.4,6,3,2024,427,159117.18
2024-11-15,1052,Product_5,4,Home,578,28.05,21.1,No,Yes,32.4,4,11,2024,436,12791.98
2023-01-22,1016,Product_42,5,Electronics,403,381.24,32.5,No,No,31.6,6,1,2023,409,103706.81
2024-08-31,1031,Product_44,8,Home,149,369.89,26.4,No,No,33.2,5,8,2024,161,40563.62
2023-10-27,1045,Product_11,8,Grocery,325,498.47,7.9,Yes,No,26.4,4,10,2023,237,149204.53
2025-11-11,1056,Product_51,14,Grocery,499,177.2,29.1,No,No,18.9,1,11,2025,362,62691.77
2022-08-25,1063,Product_31,6,Clothing,98,146.33,28.8,No,No,32.3,3,8,2022,92,10210.32
2022-08-11,1067,Product_28,1,Grocery,351,229.28,10.5,No,No,34.3,3,8,2022,292,72027.17
2023-11-24,1084,Product_43,6,Home,225,429.0,24.9,No,No,16.6,4,11,2023,269,72490.27
2024-02-02,1006,Product_31,8,Toys,321,365.65,24.4,No,No,39.4,4,2,2024,491,88734.48
2024-11-02,1036,Product_33,8,Toys,44,238.45,33.6,Yes,No,34.4,5,11,2024,34,6966.56
2023-08-30,1000,Product_19,8,Clothing,86,126.06,5.4,No,No,18.0,2,8,2023,56,10255.74
2025-10-02,1000,Product_55,13,Clothing,27,364.87,7.8,No,No,-1.9,3,10,2025,24,9083.07
2023-12-13,1021,Product_58,12,Clothing,272,427.99,19.4,Yes,No,5.1,2,12,2023,278,93829.1
2022-07-14,1059,Product_8,4,Home,313,202.98,1.8,Yes,No,29.9,3,7,2022,279,62389.15
2022-06-28,1089,Product_44,5,Clothing,330,335.95,16.6,No,Yes,0.0,1,6,2022,300,92460.16
2025-12-31,1077,Product_2,10,Clothing,181,203.1,31.5,No,No,16.1,2,12,2025,128,25181.35
2022-07-21,1064,Product_22,6,Clothing,117,241.85,5.9,No,No,22.2,3,7,2022,160,26626.96
2025-11-22,1077,Product_58,6,Grocery,295,264.83,18.4,Yes,No,34.5,5,11,2025,214,63749.88
2023-02-22,1017,Product_11,3,Clothing,35,388.98,39.6,No,No,33.1,2,2,2023,33,8223.04
2022-05-21,1083,Product_23,4,Home,403,488.87,20.2,Yes,No,29.4,5,5,2022,378,157217.66
2023-04-03,1089,Product_13,11,Clothing,29,224.96,19.9,No,No,13.3,0,4,2023,35,5225.6
2024-07-11,1009,Product_43,12,Toys,283,174.45,22.4,No,No,1.4,3,7,2024,336,38310.62
2023-10-04,1046,Product_28,11,Toys,154,189.93,7.4,No,No,25.1,2,10,2023,232,27084.78
2025-03-24,1083,Product_35,5,Clothing,534,71.28,5.9,No,Yes,3.2,0,3,2025,499,35817.77
2024-07-05,1047,Product_56,2,Toys,251,151.98,27.1,No,No,20.3,4,7,2024,349,27809.15
2023-08-25,1084,Product_31,3,Electronics,300,47.79,15.8,Yes,No,39.1,4,8,2023,243,12071.75
2024-08-09,1093,Product_44,6,Toys,242,216.81,11.6,No,No,19.8,4,8,2024,353,46381.73
2025-12-28,1047,Product_6,8,Grocery,57,87.84,1.3,No,No,24.1,6,12,2025,67,4941.79
2023-09-10,1005,Product_13,13,Clothing,85,176.47,33.8,No,No,25.5,6,9,2023,98,9929.97
2022-08-19,1034,Product_56,13,Grocery,249,397.82,1.3,No,No,32.4,4,8,2022,254,97769.44
2023-09-06,1021,Product_51,1,Clothing,424,126.73,30.0,No,No,14.6,2,9,2023,430,37613.46
2025-06-14,1047,Product_39,10,Grocery,647,307.89,15.3,No,Yes,17.4,5,6,2025,411,168726.49
2022-11-23,1058,Product_23,5,Home,325,451.08,23.9,Yes,Yes,2.9,2,11,2022,194,111563.36
2025-11-24,1046,Product_12,3,Electronics,249,285.63,9.9,Yes,Yes,22.7,0,11,2025,148,64080.8
2024-06-01,1019,Product_51,8,Toys,392,100.93,6.2,Yes,No,8.3,5,6,2024,482,37111.56
2024-06-21,1030,Product_47,1,Toys,179,175.66,21.3,No,No,17.8,4,6,2024,287,24745.75
2023-04-21,1067,Product_15,5,Clothing,86,297.23,27.8,No,No,29.5,4,4,2023,67,18455.61
2025-10-12,1002,Product_35,8,Clothing,96,255.77,7.8,No,No,-4.2,6,10,2025,120,22638.71
2022-02-24,1021,Product_37,4,Home,403,78.57,17.5,No,No,20.4,3,2,2022,419,26122.56
2023-03-25,1089,Product_29,9,Electronics,519,226.16,17.8,Yes,No,2.8,5,3,2023,450,96483.93
2023-09-20,1009,Product_55,7,Home,370,273.82,8.6,No,No,7.6,2,9,2023,455,92600.45
2023-12-17,1041,Product_8,12,Grocery,59,137.33,22.6,Yes,No,-3.4,6,12,2023,13,6271.31
2023-12-13,1020,Product_16,3,Home,307,308.16,5.8,No,No,2.6,2,12,2023,413,89118.02
2022-08-10,1010,Product_6,1,Grocery,113,39.73,20.4,No,Yes,39.4,2,8,2022,64,3573.63
2022-12-05,1042,Product_41,8,Home,315,171.62,4.5,No,No,39.9,0,12,2022,406,51627.59
2022-05-23,1052,Product_38,4,Home,486,403.12,19.4,Yes,No,27.4,0,5,2022,441,157908.55
2024-05-08,1017,Product_59,10,Grocery,268,133.35,12.5,Yes,No,22.5,2,5,2024,187,31270.57
2023-06-11,1007,Product_32,2,Home,95,304.56,18.1,No,No,30.0,6,6,2023,104,23696.29
2024-04-28,1013,Product_9,9,Clothing,325,207.96,17.3,Yes,No,35.3,6,4,2024,359,55894.45
2024-06-03,1065,Product_27,14,Grocery,113,161.65,36.3,No,Yes,18.4,0,6,2024,43,11635.73
2024-11-19,1086,Product_6,2,Clothing,254,458.49,19.6,No,No,-3.4,1,11,2024,293,93630.99
2024-03-31,1018,Product_40,5,Toys,155,174.91,32.7,No,No,26.9,6,3,2024,172,18245.74
2024-08-29,1032,Product_40,12,Electronics,261,122.15,9.0,Yes,No,39.3,3,8,2024,217,29011.85
2024-05-30,1034,Product_51,8,Toys,365,455.1,14.1,No,Yes,6.6,3,5,2024,414,142689.78
2024-09-05,1036,Product_21,3,Toys,270,374.24,3.0,No,No,15.9,3,9,2024,496,98013.46
2024-07-13,1024,Product_19,3,Clothing,200,342.49,16.8,No,No,11.3,5,7,2024,207,56990.34
2023-04-20,1005,Product_5,11,Home,221,29.52,26.7,No,No,12.6,3,4,2023,152,4782.03
2023-01-05,1052,Product_25,13,Grocery,733,69.95,33.5,Yes,No,27.5,3,1,2023,418,34096.78
2025-03-27,1035,Product_29,6,Electronics,278,320.98,22.6,No,No,12.0,3,3,2025,212,69065.91
2023-05-30,1034,Product_45,7,Clothing,101,108.67,25.6,No,No,37.3,1,5,2023,107,8165.9
2024-04-03,1026,Product_45,11,Toys,261,116.69,7.1,No,No,30.5,2,4,2024,452,28293.71
2022-10-23,1092,Product_9,3,Grocery,663,390.67,1.5,No,Yes,-3.8,6,10,2022,495,255129.0
2023-10-10,1061,Product_17,3,Home,165,146.53,31.7,No,No,31.8,1,10,2023,151,16513.2
2024-03-05,1041,Product_31,11,Home,140,40.44,6.7,No,No,29.8,1,3,2024,87,5282.27
2024-07-28,1020,Product_20,3,Home,87,23.03,3.6,No,No,18.2,6,7,2024,84,1931.48
2024-02-29,1080,Product_2,11,Grocery,401,224.37,37.5,No,No,17.4,3,2,2024,303,56232.73
2023-06-25,1088,Product_50,7,Grocery,205,310.48,38.5,No,No,32.6,6,6,2023,161,39143.77
2025-12-13,1003,Product_44,14,Clothing,358,435.1,24.7,Yes,No,14.1,5,12,2025,315,117291.65
2024-02-09,1092,Product_31,1,Toys,275,59.85,15.1,No,No,2.2,4,2,2024,382,13973.48
2025-04-27,1069,Product_19,14,Toys,23,102.35,33.3,No,No,9.1,6,4,2025,12,1570.15
2025-01-10,1009,Product_50,4,Clothing,360,267.25,8.2,Yes,No,6.9,4,1,2025,431,88320.78
2024-04-17,1075,Product_3,1,Toys,13,185.23,17.2,No,No,25.6,2,4,2024,24,1993.82
2025-08-22,1010,Product_27,11,Clothing,98,243.86,14.3,No,No,3.0,4,8,2025,66,20480.83
2022-07-12,1005,Product_48,8,Grocery,504,462.44,36.5,No,No,24.0,1,7,2022,365,147999.3
2025-10-13,1011,Product_57,12,Electronics,356,274.72,36.8,No,No,16.0,0,10,2025,314,61809.8
2025-06-29,1045,Product_15,2,Home,634,210.48,26.0,Yes,No,32.8,6,6,2025,489,98748.8
2024-01-26,1061,Product_39,2,Home,316,494.77,4.4,Yes,No,16.8,4,1,2024,287,149468.04
2025-01-05,1040,Product_12,8,Toys,162,37.28,19.3,No,No,36.8,6,1,2025,214,4873.76
2024-02-20,1012,Product_7,13,Home,268,466.4,9.8,No,No,35.5,1,2,2024,337,112745.67
2023-02-08,1019,Product_21,6,Electronics,410,253.32,35.4,No,No,3.3,2,2,2023,383,67094.34
2025-04-14,1085,Product_53,12,Clothing,342,254.36,5.5,No,Yes,25.9,0,4,2025,338,82206.61
2023-01-04,1096,Product_41,13,Home,144,461.37,2.2,Yes,No,4.7,2,1,2023,191,64975.66
2023-04-17,1075,Product_29,13,Clothing,489,256.13,28.2,Yes,No,32.0,0,4,2023,480,89927.76
2024-02-18,1010,Product_17,8,Clothing,106,222.01,18.1,No,No,23.6,6,2,2024,157,19273.58
2025-06-10,1081,Product_9,10,Toys,212,139.88,33.5,Yes,No,8.2,1,6,2025,179,19720.28
2023-07-30,1069,Product_16,8,Home,89,331.11,3.0,No,No,6.2,6,7,2023,146,28584.73
2024-01-12,1052,Product_10,10,Home,211,286.97,32.0,No,No,14.3,4,1,2024,156,41174.46
2022-03-04,1014,Product_12,8,Clothing,85,111.1,1.5,No,No,31.0,4,3,2022,114,9301.85
2022-06-23,1099,Product_41,8,Grocery,339,356.16,1.1,No,No,30.8,3,6,2022,294,119410.12
2022-03-25,1044,Product_8,7,Clothing,509,323.82,18.5,Yes,Yes,-3.5,4,3,2022,367,134331.87
2022-04-19,1004,Product_3,10,Toys,151,201.68,8.9,Yes,No,8.6,1,4,2022,220,27743.3
2025-07-26,1020,Product_32,11,Home,595,7.18,23.7,Yes,No,14.0,5,7,2025,462,3259.61
2025-06-16,1040,Product_17,13,Home,218,226.06,1.0,No,No,21.4,0,6,2025,242,48788.27
2025-05-17,1006,Product_27,9,Electronics,202,8.0,1.4,No,No,1.7,5,5,2025,238,1593.38
2022-03-25,1032,Product_9,2,Toys,71,42.12,29.1,No,Yes,10.1,4,3,2022,43,2120.28
2022-04-27,1046,Product_13,9,Grocery,589,218.15,8.4,Yes,No,34.9,2,4,2022,452,117697.16
2023-02-25,1094,Product_27,5,Toys,111,45.55,26.3,No,Yes,16.4,5,2,2023,82,3726.31
2024-04-27,1008,Product_41,1,Clothing,131,141.45,30.0,Yes,No,28.5,5,4,2024,90,12970.96
2023-05-17,1057,Product_25,2,Toys,261,329.47,2.4,No,No,16.8,2,5,2023,468,83927.87
2024-01-02,1091,Product_32,9,Toys,174,157.76,30.8,No,No,15.9,1,1,2024,264,18995.57
2022-09-17,1080,Product_31,14,Home,28,498.84,10.7,Yes,No,23.0,5,9,2022,43,12473.0
2025-01-01,1092,Product_16,8,Toys,154,458.57,15.6,No,No,6.7,2,1,2025,226,59603.09
2023-04-16,1017,Product_17,7,Home,289,294.73,3.5,Yes,No,6.2,6,4,2023,299,82195.78
2022-04-10,1080,Product_26,2,Toys,5,483.64,33.5,No,No,39.5,6,4,2022,14,1608.1
2025-01-19,1097,Product_2,10,Electronics,482,434.67,22.4,No,Yes,34.1,6,1,2025,379,162580.49
2025-09-16,1032,Product_41,1,Electronics,328,162.85,20.2,No,No,28.2,1,9,2025,337,42625.01
2022-01-23,1049,Product_37,12,Clothing,55,376.05,38.7,No,No,1.2,6,1,2022,15,12678.53
2023-10-18,1053,Product_19,12,Toys,196,72.73,13.4,No,No,-3.6,2,10,2023,313,12344.9
2025-05-25,1049,Product_23,14,Home,256,343.85,35.6,Yes,Yes,2.9,6,5,2025,119,56688.49
2024-11-25,1028,Product_20,4,Clothing,332,248.09,28.8,No,No,37.2,0,11,2024,369,58644.51
2025-07-08,1097,Product_39,3,Clothing,217,13.33,37.1,No,No,31.7,1,7,2025,194,1819.45
2023-09-15,1095,Product_45,5,Home,147,140.74,36.3,Yes,No,18.5,4,9,2023,109,13178.75
2023-07-13,1038,Product_7,12,Toys,264,477.91,39.6,No,Yes,38.6,3,7,2023,258,76205.62
2024-11-29,1080,Product_25,4,Toys,145,161.34,5.3,No,No,1.6,4,11,2024,227,22154.4
2022-08-19,1039,Product_1,13,Electronics,203,94.82,31.8,No,No,20.2,4,8,2022,177,13127.45
2022-12-26,1079,Product_27,3,Clothing,735,97.83,32.2,Yes,Yes,3.2,0,12,2022,440,48751.62
2024-06-20,1058,Product_15,1,Grocery,435,242.21,25.8,No,No,8.8,3,6,2024,328,78178.12
2024-09-29,1047,Product_20,4,Home,247,422.11,11.2,No,No,37.3,6,9,2024,248,92583.92
2022-06-29,1012,Product_27,11,Clothing,219,380.21,38.6,Yes,Yes,34.1,2,6,2022,120,51125.32
2024-02-02,1065,Product_20,9,Toys,192,221.24,8.2,Yes,No,-0.4,4,2,2024,288,38994.88
2023-07-02,1032,Product_24,5,Clothing,66,108.32,20.0,No,No,6.2,6,7,2023,22,5719.3
2024-01-23,1021,Product_46,10,Home,415,27.8,20.9,No,No,21.8,1,1,2024,443,9125.77
2025-12-08,1019,Product_48,10,Electronics,68,234.0,6.5,No,No,-2.2,0,12,2025,10,14877.72
2022-04-25,1098,Product_1,8,Toys,482,408.31,28.9,Yes,Yes,19.8,0,4,2022,352,139928.65
2026-02-02,1010,Product_23,8,Electronics,143,366.19,3.6,No,No,21.3,0,2,2026,179,50480.02
2023-11-06,1079,Product_50,2,Grocery,495,207.26,27.7,No,No,8.1,0,11,2023,362,74175.25
2025-03-04,1086,Product_32,4,Toys,136,299.38,33.9,No,No,8.2,1,3,2025,187,26913.06
2023-09-29,1003,Product_13,8,Toys,27,220.94,14.0,No,No,5.3,4,9,2023,22,5130.23
2023-04-12,1058,Product_36,2,Clothing,538,291.61,28.4,Yes,No,37.1,2,4,2023,474,112330.5
2025-03-01,1057,Product_9,7,Clothing,379,261.17,6.3,Yes,No,12.5,5,3,2025,385,92747.47
2024-10-28,1035,Product_2,2,Electronics,69,342.08,33.8,No,No,21.3,0,10,2024,31,15625.53
2022-08-05,1066,Product_38,12,Toys,35,256.32,38.1,No,No,8.6,4,8,2022,26,5553.17
2024-11-24,1040,Product_31,2,Electronics,345,470.6,6.1,Yes,No,26.6,6,11,2024,269,152453.22
2025-02-03,1043,Product_45,2,Electronics,490,216.87,27.7,No,No,-0.4,0,2,2025,478,76830.53
2023-08-05,1043,Product_21,9,Clothing,232,12.88,20.2,No,No,-1.8,5,8,2023,293,2384.55
2025-10-20,1080,Product_51,4,Electronics,10,122.0,21.3,No,No,28.5,0,10,2025,15,960.14
2024-08-19,1063,Product_25,5,Electronics,409,252.8,28.3,No,No,27.7,0,8,2024,352,74134.36
2023-05-16,1037,Product_44,5,Home,203,272.58,19.5,No,No,6.9,1,5,2023,219,44543.66
2022-01-17,1092,Product_6,4,Home,430,278.43,24.0,No,Yes,11.0,0,1,2022,322,90990.92
2024-10-09,1080,Product_6,11,Grocery,187,358.7,9.2,No,No,38.1,2,10,2024,181,60905.83
2022-11-10,1093,Product_47,10,Home,26,140.95,15.1,No,No,-0.3,3,11,2022,13,3111.33
2025-02-08,1073,Product_50,4,Home,16,334.13,34.6,No,Yes,3.2,5,2,2025,18,3496.34
2024-02-27,1039,Product_56,10,Grocery,429,353.5,4.4,Yes,No,14.4,1,2,2024,319,144978.83
2023-12-02,1077,Product_20,10,Home,305,208.58,23.9,No,No,7.7,5,12,2023,321,48412.46
2022-09-03,1032,Product_2,8,Clothing,179,204.07,7.4,Yes,No,24.2,5,9,2022,167,33825.42
2024-12-03,1027,Product_58,9,Toys,66,93.57,33.9,No,No,26.1,1,12,2024,50,4082.08
2022-09-06,1045,Product_36,14,Electronics,675,209.92,23.2,Yes,Yes,18.7,1,9,2022,388,108822.53
2023-09-19,1096,Product_15,7,Grocery,87,394.47,16.1,No,Yes,22.5,1,9,2023,84,28793.55
2025-06-08,1056,Product_46,6,Grocery,88,454.94,10.0,Yes,No,14.5,6,6,2025,102,36031.25
2025-10-12,1038,Product_54,8,Grocery,364,298.84,17.5,No,No,29.2,6,10,2025,231,89741.65
2026-01-23,1046,Product_17,12,Toys,445,153.19,38.3,No,Yes,-3.1,4,1,2026,360,42060.61
2025-12-08,1029,Product_46,10,Home,589,342.73,20.4,Yes,No,9.1,0,12,2025,497,160686.9
2024-04-13,1065,Product_47,2,Clothing,242,371.37,18.8,No,No,25.8,5,4,2024,316,72975.69
2022-10-28,1035,Product_30,7,Clothing,435,169.45,29.9,No,No,9.8,4,10,2022,480,51671.24
2025-06-12,1055,Product_38,11,Toys,196,414.14,15.2,No,No,-1.5,3,6,2025,329,68833.38
2025-04-17,1036,Product_16,4,Clothing,415,41.48,17.1,Yes,No,10.5,3,4,2025,425,14270.57
2026-01-25,1032,Product_55,14,Grocery,133,10.32,13.5,No,No,27.0,6,1,2026,96,1187.26
2024-09-03,1097,Product_59,12,Electronics,87,65.87,6.0,No,No,0.5,1,9,2024,37,5386.85
2022-08-01,1034,Product_58,12,Grocery,484,82.22,28.6,No,No,27.6,0,8,2022,337,28413.26
2024-01-25,1007,Product_44,2,Home,636,440.07,34.9,No,Yes,29.9,3,1,2024,487,182204.82
2023-11-04,1037,Product_3,9,Clothing,608,215.37,36.2,Yes,Yes,23.6,5,11,2023,371,83542.88
2025-06-18,1053,Product_22,8,Clothing,252,141.09,35.2,Yes,No,6.0,2,6,2025,178,23039.43
2023-08-12,1009,Product_27,9,Clothing,201,217.39,18.1,No,No,31.2,5,8,2023,249,35786.52
2023-05-08,1030,Product_57,12,Toys,68,200.45,11.4,Yes,No,4.6,0,5,2023,64,12076.71
2022-05-01,1016,Product_33,5,Toys,182,154.22,25.5,Yes,No,35.8,6,5,2022,176,20910.69
2025-06-07,1050,Product_32,8,Electronics,419,73.26,38.2,No,No,26.8,5,6,2025,344,18970.09
2025-02-06,1072,Product_9,10,Electronics,140,329.68,29.1,Yes,No,-2.5,3,2,2025,91,32724.04
2022-03-03,1096,Product_47,11,Grocery,379,72.62,19.8,Yes,No,31.0,3,3,2022,245,22073.43
2023-10-13,1038,Product_20,11,Toys,142,388.84,27.6,No,Yes,17.8,4,10,2023,152,39975.86
2023-12-21,1086,Product_6,5,Clothing,219,104.84,30.9,No,No,15.4,3,12,2023,250,15865.33
2023-12-05,1021,Product_59,14,Toys,263,367.03,36.8,No,No,13.9,1,12,2023,384,61006.26
2025-10-10,1078,Product_12,1,Home,421,403.77,30.5,No,No,22.3,4,10,2025,443,118141.08
2022-08-15,1056,Product_1,7,Clothing,206,67.04,17.3,No,No,27.6,0,8,2022,210,11421.07
2023-04-05,1075,Product_5,9,Grocery,556,47.94,10.9,Yes,No,35.3,2,4,2023,415,23749.28
2022-09-29,1075,Product_27,1,Grocery,418,475.04,20.0,No,No,7.3,3,9,2022,354,158853.38
2023-01-02,1053,Product_7,7,Electronics,554,234.21,13.1,Yes,No,23.4,0,1,2023,461,112754.78
2025-09-22,1025,Product_50,9,Clothing,387,316.97,37.7,Yes,No,25.9,0,9,2025,372,76421.78
2025-11-12,1052,Product_31,9,Grocery,360,16.51,20.3,No,No,25.4,2,11,2025,279,4737.05
2022-03-08,1082,Product_20,2,Grocery,656,142.96,18.9,No,Yes,17.2,1,3,2022,340,76057.01
2024-08-06,1097,Product_1,4,Electronics,176,255.17,13.9,No,No,12.6,1,8,2024,165,38667.44
2022-12-16,1092,Product_29,4,Home,336,443.68,25.6,Yes,No,29.3,4,12,2022,340,110912.9
2022-10-16,1018,Product_9,9,Toys,329,139.36,20.8,Yes,No,8.5,6,10,2022,357,36312.76
2023-03-15,1059,Product_58,5,Clothing,208,388.72,5.2,No,No,4.4,2,3,2023,309,76649.36
2022-10-19,1010,Product_18,9,Clothing,81,332.8,34.8,No,No,19.6,2,10,2022,60,17575.83
2024-01-06,1066,Product_29,11,Toys,174,62.06,14.4,No,No,7.0,5,1,2024,264,9243.46
2026-02-02,1099,Product_2,12,Clothing,373,150.22,17.3,Yes,No,-3.5,0,2,2026,358,46338.51
2024-05-29,1005,Product_8,3,Home,120,122.74,8.2,Yes,No,-2.7,2,5,2024,106,13521.04
2024-12-20,1065,Product_13,13,Clothing,336,224.05,22.1,No,No,26.3,4,12,2024,395,58643.74
2024-01-10,1094,Product_4,3,Clothing,357,319.49,28.1,No,No,38.8,2,1,2024,422,82007.65
2022-01-21,1084,Product_43,1,Clothing,324,219.54,35.2,Yes,No,15.5,4,1,2022,273,46092.86
2022-05-07,1039,Product_56,1,Home,622,126.05,2.1,Yes,Yes,1.6,5,5,2022,482,76756.63
2023-02-08,1010,Product_59,3,Home,568,349.46,38.9,Yes,No,31.8,2,2,2023,430,121279.39
2023-01-01,1092,Product_16,13,Clothing,274,294.31,28.2,Yes,No,6.8,6,1,2023,238,57900.19
2025-06-14,1092,Product_47,3,Electronics,367,262.06,11.4,No,No,39.8,5,6,2025,443,85211.95
2025-06-19,1057,Product_30,10,Toys,372,279.44,8.2,Yes,No,20.3,3,6,2025,467,95427.64
2025-07-05,1097,Product_3,6,Toys,54,114.84,11.8,No,No,5.5,5,7,2025,62,5469.6
2024-08-14,1000,Product_6,1,Electronics,543,341.81,35.0,No,No,17.3,2,8,2024,499,120641.84
2024-04-14,1061,Product_33,7,Grocery,60,196.81,11.7,No,No,10.1,6,4,2024,12,10426.99
2024-08-31,1003,Product_25,1,Toys,180,184.92,18.5,No,No,30.1,5,8,2024,248,27127.76
2023-09-03,1093,Product_1,7,Grocery,820,79.12,28.2,Yes,No,-0.2,6,9,2023,469,46582.69
2024-10-02,1068,Product_55,8,Toys,339,300.43,34.9,Yes,No,33.6,2,10,2024,364,66301.6
2025-04-06,1091,Product_44,8,Home,165,303.32,26.3,No,No,29.5,6,4,2025,140,36885.23
2025-02-18,1056,Product_30,4,Toys,249,173.45,30.1,No,No,33.8,1,2,2025,325,30189.15
2024-07-09,1008,Product_59,11,Electronics,139,430.63,6.9,Yes,No,35.3,1,7,2024,115,55727.4
2022-03-29,1002,Product_58,9,Clothing,127,423.5,35.1,No,No,5.3,1,3,2022,126,34906.14
2024-12-23,1033,Product_58,4,Clothing,479,58.98,11.0,Yes,No,18.4,0,12,2024,456,25143.76
2023-07-04,1074,Product_16,7,Toys,45,349.04,5.1,Yes,No,33.2,1,7,2023,33,14905.75
2025-01-20,1015,Product_52,2,Grocery,660,199.95,39.0,No,No,12.0,0,1,2025,481,80499.87
2024-03-20,1085,Product_30,13,Grocery,313,499.86,8.1,No,Yes,-2.3,2,3,2024,232,143783.23
2025-08-14,1023,Product_43,11,Electronics,59,116.39,5.5,No,No,8.1,3,8,2025,41,6489.32
2023-05-23,1049,Product_51,5,Home,365,143.86,25.0,No,No,5.9,1,5,2023,395,39381.68
2025-10-29,1020,Product_10,10,Toys,22,223.84,12.8,Yes,No,34.2,2,10,2025,33,4294.15
2025-06-20,1046,Product_27,10,Electronics,149,138.01,5.3,Yes,No,15.9,4,6,2025,169,19473.63
2023-05-12,1045,Product_8,9,Grocery,120,347.54,24.0,No,No,25.8,4,5,2023,127,31695.65
2023-12-25,1000,Product_17,1,Grocery,582,243.05,30.4,No,No,38.3,0,12,2023,394,98452.75
2024-03-08,1056,Product_25,13,Toys,156,114.34,31.7,No,No,8.5,4,3,2024,204,12182.7
2025-02-26,1078,Product_51,14,Clothing,348,255.66,6.2,Yes,No,29.3,2,2,2025,330,83453.56
2024-10-30,1093,Product_51,14,Grocery,70,444.95,22.3,No,No,-4.0,2,10,2024,45,24200.83
2025-07-02,1033,Product_24,14,Grocery,454,397.24,32.5,No,No,-0.3,2,7,2025,350,121734.2
2023-07-09,1088,Product_20,14,Clothing,239,251.92,6.4,No,No,2.3,6,7,2023,358,56355.51
2024-01-28,1087,Product_32,11,Grocery,186,147.8,8.3,No,No,9.1,6,1,2024,150,25209.06
2023-10-09,1098,Product_54,1,Electronics,407,94.04,0.1,No,No,13.1,0,10,2023,441,38236.01
2025-09-26,1037,Product_58,7,Toys,185,439.8,21.0,No,No,16.5,4,9,2025,240,64276.77
2023-04-03,1085,Product_14,4,Clothing,252,356.53,7.8,No,No,6.0,0,4,2023,336,82837.61
2024-05-30,1056,Product_12,4,Grocery,136,288.22,29.0,Yes,No,-2.0,3,5,2024,99,27830.52
2022-06-30,1005,Product_42,12,Home,446,440.32,38.5,No,No,25.5,3,6,2022,467,120775.37
2025-06-29,1027,Product_18,12,Home,158,65.24,8.4,No,Yes,-3.9,6,6,2025,130,9442.05
2023-07-31,1067,Product_12,8,Electronics,354,342.83,26.0,No,No,31.4,0,7,2023,316,89807.75
2023-05-26,1016,Product_2,11,Electronics,107,112.27,8.5,No,No,36.8,4,5,2023,54,10991.79
2024-05-24,1043,Product_24,2,Electronics,56,64.69,0.7,No,No,27.0,4,5,2024,31,3597.28
2024-01-19,1077,Product_24,4,Home,101,235.48,30.3,Yes,No,21.8,4,1,2024,72,16577.09
2025-06-25,1014,Product_34,13,Home,452,196.76,17.4,No,No,24.6,2,6,2025,471,73460.74
2024-03-08,1049,Product_12,7,Home,90,470.88,37.9,No,No,24.3,4,3,2024,113,26317.48
2024-02-15,1021,Product_43,8,Home,410,165.37,21.4,No,No,36.9,3,2,2024,440,53292.14
2022-06-07,1053,Product_41,7,Clothing,219,408.38,6.3,No,No,38.4,1,6,2022,294,83800.8
2022-02-02,1024,Product_28,3,Clothing,32,375.67,18.0,No,No,14.2,2,2,2022,53,9857.58
2023-08-21,1096,Product_11,12,Home,217,335.62,8.1,Yes,No,22.8,0,8,2023,226,66930.35
2026-02-06,1007,Product_30,11,Grocery,297,460.6,35.1,No,No,31.1,4,2,2026,244,88782.03
2025-10-08,1096,Product_40,10,Toys,137,206.92,27.6,No,No,-5.0,2,10,2025,140,20523.98
2024-08-01,1079,Product_22,5,Toys,325,197.89,13.6,No,Yes,18.7,3,8,2024,306,55567.51
2024-08-04,1085,Product_16,10,Toys,428,84.67,21.1,No,Yes,24.4,6,8,2024,431,28592.38
2023-08-11,1085,Product_30,14,Toys,319,141.5,26.8,No,No,27.3,4,8,2023,443,33041.38
2022-09-24,1018,Product_21,10,Grocery,323,440.49,31.3,No,No,11.6,5,9,2022,267,97745.17
2022-01-13,1093,Product_24,7,Electronics,377,239.82,3.2,No,No,8.3,3,1,2022,447,87518.95
2023-05-24,1059,Product_21,4,Clothing,395,173.97,0.9,Yes,No,3.2,2,5,2023,462,68099.69
2023-04-20,1096,Product_18,8,Home,109,111.98,4.6,Yes,Yes,20.1,3,4,2023,53,11644.35
2022-10-15,1087,Product_43,6,Home,293,245.06,15.8,No,No,36.4,5,10,2022,321,60457.77
2023-01-24,1057,Product_28,9,Grocery,554,359.75,18.7,Yes,No,35.3,1,1,2023,388,162032.12
2022-02-07,1037,Product_28,1,Grocery,42,146.91,5.5,No,No,11.2,0,2,2022,17,5830.86
2024-06-30,1011,Product_39,3,Clothing,298,380.07,16.4,Yes,No,6.6,6,6,2024,305,94686.08
2025-10-23,1010,Product_22,12,Toys,295,316.74,17.7,No,No,30.5,3,10,2025,457,76899.72
2024-11-02,1038,Product_6,6,Electronics,141,394.84,4.4,Yes,No,27.6,5,11,2024,141,53222.85
2023-11-04,1081,Product_51,7,Grocery,787,129.2,36.7,Yes,No,17.7,5,11,2023,430,64363.69
2023-09-23,1050,Product_4,8,Grocery,521,317.36,24.0,No,No,12.5,5,9,2023,467,125661.87
2023-04-07,1048,Product_34,7,Toys,246,81.1,15.5,No,No,0.6,4,4,2023,321,16858.26
2022-08-02,1024,Product_16,11,Clothing,345,185.08,20.3,Yes,No,30.3,1,8,2022,318,50890.52
2024-06-16,1056,Product_13,4,Electronics,327,363.56,12.6,Yes,No,22.8,6,6,2024,272,103904.72
2024-04-29,1063,Product_3,11,Grocery,391,317.68,34.2,Yes,No,12.0,0,4,2024,210,81732.08
2022-01-11,1098,Product_54,3,Electronics,236,97.99,23.0,No,No,36.3,1,1,2022,231,17806.74
2023-09-16,1072,Product_26,6,Clothing,245,429.88,19.8,Yes,No,24.7,5,9,2023,265,84467.12
2023-02-22,1060,Product_21,9,Toys,190,31.41,36.4,No,No,36.8,2,2,2023,246,3795.58
2022-09-13,1091,Product_44,13,Clothing,374,299.63,33.5,No,No,16.3,1,9,2022,414,74520.98
2024-11-20,1042,Product_3,4,Toys,289,491.99,32.5,No,No,15.5,2,11,2024,386,95974.95
2024-02-28,1093,Product_34,9,Home,144,268.09,9.0,No,No,37.2,2,2,2024,180,35130.51
2024-08-08,1036,Product_30,1,Toys,203,401.33,6.1,Yes,No,38.2,3,8,2024,261,76500.32
2024-12-06,1012,Product_33,2,Grocery,88,299.61,27.6,No,No,38.2,4,12,2024,115,19088.75
2026-01-12,1041,Product_8,11,Toys,61,392.63,18.7,No,No,31.9,0,1,2026,96,19471.7
2025-04-19,1012,Product_57,11,Grocery,356,329.52,27.3,Yes,No,15.8,5,4,2025,190,85283.73
2024-07-19,1011,Product_15,6,Clothing,39,347.11,30.4,No,No,4.5,4,7,2024,38,9421.95
2025-08-11,1088,Product_41,9,Home,353,117.77,11.8,No,No,12.3,0,8,2025,428,36667.22
2023-12-18,1079,Product_45,6,Grocery,69,372.2,11.4,No,No,37.2,0,12,2023,71,22754.07
2026-01-17,1022,Product_21,4,Grocery,144,122.77,19.6,No,No,11.4,5,1,2026,170,14213.82
2025-02-16,1083,Product_8,7,Electronics,117,490.42,10.9,Yes,No,29.1,6,2,2025,133,51124.81
2024-09-03,1006,Product_18,5,Electronics,167,117.75,26.7,No,No,36.5,1,9,2024,111,14413.9
2025-09-16,1028,Product_48,12,Clothing,248,122.16,29.9,No,Yes,38.7,1,9,2025,190,21237.27
2024-02-12,1070,Product_54,6,Toys,228,430.04,18.9,No,No,37.6,0,2,2024,362,79517.84
2024-12-17,1030,Product_56,5,Grocery,650,125.28,29.0,Yes,No,20.0,1,12,2024,447,57816.72
2023-03-04,1073,Product_14,8,Clothing,87,183.65,20.4,Yes,No,17.1,5,3,2023,102,12718.13
2025-12-15,1087,Product_36,11,Toys,116,358.75,28.5,No,No,39.4,0,12,2025,127,29754.72
2024-07-24,1006,Product_9,4,Home,284,83.58,9.0,Yes,No,4.8,2,7,2024,240,21600.42
2025-03-19,1002,Product_42,14,Electronics,297,83.74,29.6,Yes,Yes,3.4,2,3,2025,166,17509.03
2023-11-23,1094,Product_25,7,Clothing,344,245.75,28.6,No,No,38.3,3,11,2023,401,60360.13
2025-07-24,1052,Product_43,10,Electronics,129,125.63,10.7,No,No,26.0,3,7,2025,119,14472.2
2022-04-22,1050,Product_41,14,Grocery,305,121.65,22.2,Yes,No,19.1,4,4,2022,207,28866.33
2022-06-21,1046,Product_59,7,Grocery,344,9.57,34.2,No,No,0.9,1,6,2022,277,2166.19
2024-01-31,1043,Product_29,3,Home,172,188.37,10.0,No,No,18.1,2,1,2024,196,29159.68
2025-01-03,1069,Product_21,11,Electronics,357,162.53,29.4,No,No,37.5,4,1,2025,312,40964.39
2025-04-28,1057,Product_32,1,Grocery,755,20.42,38.2,Yes,No,22.1,0,4,2025,401,9527.77
2023-10-23,1016,Product_10,7,Grocery,496,312.51,34.6,Yes,No,13.2,0,10,2023,270,101373.24
2024-09-01,1062,Product_7,14,Grocery,233,315.19,16.1,No,No,19.8,6,9,2024,233,61615.55
2024-04-09,1066,Product_31,6,Home,807,40.05,24.3,Yes,Yes,34.9,1,4,2024,476,24466.5
2025-12-13,1011,Product_49,10,Grocery,962,161.94,39.7,No,Yes,36.1,5,12,2025,491,93939.13
2024-09-08,1037,Product_32,8,Grocery,1030,437.04,22.7,Yes,Yes,13.0,6,9,2024,497,347966.88
2023-09-18,1079,Product_47,4,Clothing,20,293.17,4.6,No,No,22.4,0,9,2023,18,5593.68
2025-12-25,1061,Product_11,5,Home,313,208.93,1.8,No,No,7.6,3,12,2025,420,64217.98
2022-06-10,1013,Product_27,8,Electronics,407,235.23,31.6,No,No,15.3,4,6,2022,450,65485.21
2026-01-16,1004,Product_37,2,Toys,293,108.1,16.9,No,No,4.9,4,1,2026,404,26320.51
2022-08-20,1058,Product_21,6,Toys,233,406.88,9.9,No,No,18.9,5,8,2022,377,85417.54
2023-03-09,1046,Product_1,6,Home,127,457.43,13.9,No,No,21.0,3,3,2023,189,50018.6
2025-05-17,1096,Product_5,12,Clothing,327,455.78,30.3,No,No,10.2,5,5,2025,365,103880.92
2025-01-05,1052,Product_55,2,Home,268,115.85,18.6,No,No,7.2,6,1,2025,294,25272.91
2025-12-26,1093,Product_36,12,Clothing,386,158.82,34.7,No,No,1.8,4,12,2025,417,40031.85
2025-01-29,1021,Product_16,6,Grocery,245,84.51,29.4,No,No,1.3,2,1,2025,182,14617.69
2024-08-13,1044,Product_16,10,Grocery,553,157.06,39.0,No,No,27.0,1,8,2024,373,52981.05
2023-06-04,1013,Product_3,8,Electronics,530,169.74,35.5,Yes,No,5.0,6,6,2023,394,58025.62
2022-01-08,1057,Product_56,5,Toys,241,318.39,10.2,No,No,0.3,5,1,2022,418,68905.33
2022-07-05,1018,Product_7,14,Grocery,188,98.87,26.4,No,No,39.9,1,7,2022,94,13680.44
2023-03-23,1049,Product_45,4,Grocery,417,460.1,0.8,No,No,6.7,3,3,2023,433,190326.81
2022-03-03,1034,Product_15,1,Toys,112,56.03,39.6,No,No,35.3,3,3,2022,116,3790.32
2024-02-02,1018,Product_20,11,Clothing,384,8.4,10.4,No,No,22.4,4,2,2024,469,2890.14
2025-03-12,1009,Product_17,9,Home,15,428.2,26.6,No,No,27.2,2,3,2025,28,4714.48
2025-12-15,1051,Product_49,13,Grocery,192,353.37,34.0,Yes,No,20.2,0,12,2025,119,44779.05
2024-01-05,1094,Product_2,7,Grocery,349,180.9,6.4,No,No,3.1,4,1,2024,308,59093.52
2025-08-05,1019,Product_21,1,Home,428,299.77,33.9,Yes,Yes,33.1,1,8,2025,276,84807.33
2026-01-18,1040,Product_17,1,Clothing,255,115.65,0.5,No,No,32.3,6,1,2026,347,29343.3
2025-07-13,1022,Product_17,7,Electronics,357,88.35,17.7,Yes,Yes,10.7,6,7,2025,207,25958.2
2023-11-29,1080,Product_12,4,Toys,48,238.22,18.9,No,Yes,29.4,2,11,2023,11,9273.43
2023-05-03,1041,Product_54,13,Clothing,334,179.83,15.0,Yes,No,19.4,2,5,2023,312,51053.74
2026-01-06,1097,Product_23,2,Home,254,309.54,23.5,No,No,35.9,1,1,2026,260,60146.72
2022-12-29,1024,Product_25,13,Grocery,329,112.98,36.6,No,No,31.1,3,12,2022,259,23566.05
2023-09-10,1008,Product_23,4,Clothing,153,333.15,13.1,No,No,-3.2,6,9,2023,194,44294.62
2022-04-22,1058,Product_58,2,Home,472,384.6,23.2,Yes,No,34.6,4,4,2022,446,139415.96
2025-04-05,1065,Product_21,4,Toys,393,87.48,35.1,Yes,No,38.6,5,4,2025,398,22312.39
2024-09-01,1099,Product_21,3,Grocery,99,26.71,30.9,No,No,28.4,6,9,2024,98,1827.2
2022-05-08,1087,Product_20,6,Home,9,222.6,1.6,No,No,0.4,6,5,2022,29,1971.35
2022-11-29,1088,Product_20,5,Toys,101,388.14,37.7,No,No,31.3,1,11,2022,98,24422.93
2024-04-13,1063,Product_6,8,Home,41,327.14,1.9,No,No,24.1,5,4,2024,33,13157.9
2024-03-21,1035,Product_36,8,Electronics,347,352.43,23.6,No,No,10.2,3,3,2024,357,93432.01
2025-04-18,1042,Product_2,1,Electronics,422,204.41,23.0,No,Yes,34.8,4,4,2025,313,66420.99
2023-02-04,1013,Product_14,2,Grocery,303,121.3,31.5,No,No,20.5,5,2,2023,236,25176.42
2025-10-19,1043,Product_12,3,Electronics,267,268.23,5.9,No,No,33.4,6,10,2025,299,67391.98
2023-10-29,1036,Product_18,3,Home,332,106.16,7.2,No,No,25.2,6,10,2023,406,32707.47
2025-05-18,1003,Product_45,2,Toys,328,364.48,30.1,No,No,8.0,6,5,2025,417,83565.06
2022-12-24,1020,Product_36,5,Clothing,219,102.5,6.0,Yes,No,38.9,5,12,2022,222,21100.65
2022-02-25,1053,Product_59,8,Clothing,324,149.18,18.8,Yes,No,20.7,4,2,2022,300,39247.47
2022-03-24,1036,Product_21,5,Home,258,255.74,29.3,No,No,18.3,3,3,2022,292,46648.51
2023-07-14,1099,Product_55,5,Clothing,405,245.92,26.0,No,No,13.2,4,7,2023,475,73702.22
2025-11-30,1047,Product_3,7,Clothing,288,302.42,8.4,No,No,1.1,6,11,2025,383,79780.82
2022-03-15,1095,Product_30,8,Clothing,184,221.54,12.2,No,Yes,25.9,1,3,2022,164,35790.23
2023-07-08,1066,Product_48,5,Grocery,724,460.14,38.8,Yes,No,14.4,5,7,2023,444,203882.51
2022-06-13,1004,Product_32,4,Electronics,251,420.77,17.9,Yes,No,37.1,0,6,2022,204,86708.49
2025-10-29,1020,Product_56,6,Clothing,398,440.16,1.8,No,Yes,38.4,2,10,2025,381,172030.37
2024-10-09,1070,Product_19,1,Toys,298,316.61,8.8,No,No,29.5,2,10,2024,489,86047.0
2025-02-18,1054,Product_2,7,Electronics,697,319.33,13.7,Yes,Yes,5.9,1,2,2025,406,192080.51
2024-12-05,1030,Product_46,14,Grocery,125,306.55,40.0,No,No,27.2,3,12,2024,62,22991.25
2024-09-12,1052,Product_5,6,Grocery,172,220.27,12.1,No,No,-4.1,3,9,2024,110,33302.18
2025-03-06,1090,Product_46,2,Toys,314,164.44,1.1,No,Yes,32.2,3,3,2025,399,51066.18
2022-01-13,1038,Product_44,10,Clothing,64,298.04,20.5,No,No,17.2,3,1,2022,70,15164.28
2025-07-22,1004,Product_50,2,Clothing,34,17.64,3.3,No,No,37.2,1,7,2025,15,579.97
2025-01-14,1031,Product_29,3,Home,152,8.69,11.0,No,No,12.0,1,1,2025,136,1175.58
2025-01-14,1093,Product_53,3,Grocery,367,426.56,39.7,No,No,6.8,1,1,2025,248,94398.15
2023-08-14,1076,Product_11,13,Home,105,27.98,28.2,No,No,39.8,0,8,2023,72,2109.41
2025-04-16,1083,Product_26,14,Electronics,100,264.77,2.0,No,No,18.9,2,4,2025,85,25947.46
2023-07-27,1091,Product_8,8,Electronics,204,309.42,17.9,Yes,No,33.8,3,7,2023,176,51822.9
2022-03-15,1011,Product_46,9,Toys,206,103.09,6.9,No,No,36.0,1,3,2022,303,19771.22
2025-09-23,1028,Product_43,10,Home,230,448.39,4.9,No,No,18.3,1,9,2025,276,98076.34
2022-12-18,1005,Product_48,9,Electronics,434,99.1,23.5,No,No,15.5,6,12,2022,401,32902.19
2022-06-02,1000,Product_46,8,Clothing,493,442.83,20.2,Yes,No,19.9,3,6,2022,490,174215.52
2024-07-21,1083,Product_19,14,Electronics,75,382.68,29.7,No,Yes,33.1,6,7,2024,26,20176.8
2022-12-17,1093,Product_5,11,Home,434,124.17,35.7,Yes,No,38.4,5,12,2022,347,34651.13
2025-07-11,1015,Product_55,2,Home,102,79.62,9.9,No,No,9.8,4,7,2025,90,7317.24
2023-10-28,1072,Product_30,6,Grocery,291,161.54,36.9,No,No,28.2,5,10,2023,186,29662.14
2022-01-07,1053,Product_6,14,Grocery,195,201.99,20.7,No,No,7.8,4,1,2022,177,31234.72
2025-11-28,1006,Product_55,6,Grocery,419,126.66,10.4,No,No,22.5,4,11,2025,353,47551.2
2024-02-11,1091,Product_59,3,Grocery,166,499.45,33.8,Yes,No,31.2,6,2,2024,135,54885.56
2023-01-30,1087,Product_27,13,Grocery,456,118.68,1.4,No,No,34.9,0,1,2023,448,53360.43
2024-10-12,1056,Product_46,9,Grocery,240,416.16,22.4,No,No,15.2,5,10,2024,197,77505.64
2024-03-06,1070,Product_3,8,Clothing,361,83.76,28.9,No,No,11.6,2,3,2024,409,21498.76
2022-02-14,1039,Product_6,6,Toys,402,490.22,11.2,No,Yes,6.4,0,2,2022,476,174996.77
2025-02-13,1079,Product_17,2,Home,284,116.63,34.5,No,No,1.0,3,2,2025,260,21695.51
2023-08-26,1044,Product_39,6,Grocery,91,213.74,9.6,No,Yes,11.4,5,8,2023,59,17583.11
2024-11-15,1098,Product_8,7,Toys,278,281.49,33.6,No,No,34.2,4,11,2024,353,51960.8
2025-09-05,1006,Product_3,14,Grocery,324,64.54,3.1,No,Yes,13.8,4,9,2025,217,20262.72
2024-07-04,1017,Product_40,5,Toys,192,409.33,6.4,No,Yes,9.3,3,7,2024,175,73561.51
2024-10-04,1096,Product_46,3,Grocery,402,140.97,15.2,No,Yes,28.3,4,10,2024,233,48056.11
2023-01-17,1028,Product_44,6,Clothing,128,276.89,34.2,No,No,4.7,1,1,2023,156,23320.78
2022-12-23,1031,Product_48,14,Grocery,143,277.07,5.8,No,No,6.5,4,12,2022,147,37322.99
2023-09-15,1079,Product_48,7,Home,523,303.31,35.0,No,No,37.1,4,9,2023,494,103110.23
2025-07-03,1018,Product_36,6,Grocery,183,32.47,9.2,No,No,-1.3,3,7,2025,146,5395.35
2024-02-26,1051,Product_31,10,Toys,149,88.47,18.1,No,No,13.7,0,2,2024,234,10796.08
2023-06-07,1028,Product_51,10,Electronics,647,84.79,14.1,Yes,Yes,21.0,2,6,2023,360,47123.99
2025-03-15,1019,Product_21,5,Clothing,131,154.52,4.7,No,Yes,5.4,5,3,2025,118,19290.74
2025-07-04,1096,Product_6,14,Electronics,390,76.73,37.8,No,No,7.6,4,7,2025,312,18613.16
2025-09-15,1019,Product_45,9,Toys,301,461.35,17.5,No,No,5.0,0,9,2025,448,114564.74
2023-03-25,1009,Product_17,1,Clothing,457,258.91,27.6,Yes,No,10.5,5,3,2023,408,85665.03
2024-11-30,1067,Product_58,6,Home,108,313.67,23.0,Yes,No,35.4,5,11,2024,23,26084.8
2024-06-04,1086,Product_25,13,Toys,124,181.96,20.1,No,No,14.4,1,6,2024,208,18027.87
2023-11-05,1012,Product_51,6,Clothing,27,141.74,24.7,Yes,Yes,13.8,6,11,2023,10,2881.72
2023-08-19,1070,Product_3,8,Electronics,340,254.07,35.9,No,No,12.4,5,8,2023,307,55372.02
2022-06-21,1054,Product_39,9,Grocery,438,150.69,28.0,No,Yes,38.4,1,6,2022,169,47521.6
2023-02-17,1083,Product_27,10,Grocery,604,175.1,21.3,No,No,0.3,4,2,2023,447,83233.43
2024-04-04,1012,Product_28,13,Toys,128,229.11,25.8,Yes,No,34.2,3,4,2024,96,21759.95
2025-08-22,1097,Product_16,3,Toys,286,255.34,24.3,No,No,9.7,4,8,2025,427,55281.62
2025-07-23,1061,Product_58,8,Clothing,174,492.24,17.3,No,Yes,38.0,2,7,2025,177,70832.35
2022-10-09,1084,Product_24,8,Toys,318,115.54,25.0,No,No,9.2,6,10,2022,460,27556.29
2024-10-15,1036,Product_51,3,Grocery,214,246.55,17.7,Yes,Yes,-1.3,1,10,2024,107,43422.88
2022-05-08,1094,Product_26,10,Home,250,79.01,30.3,Yes,No,18.4,6,5,2022,141,13767.49
2024-10-09,1062,Product_3,2,Grocery,378,178.25,38.8,No,Yes,5.3,2,10,2024,182,41235.64
2023-05-28,1012,Product_52,7,Grocery,931,360.07,38.4,No,Yes,28.9,6,5,2023,492,206498.7
2023-11-06,1092,Product_11,5,Grocery,673,91.36,32.8,Yes,No,24.6,0,11,2023,369,41318.11
2024-12-12,1079,Product_16,3,Clothing,442,292.77,24.1,No,Yes,25.9,3,12,2024,410,98217.89
2023-09-30,1030,Product_51,12,Grocery,476,211.27,30.0,Yes,No,3.7,5,9,2023,280,70395.16
2025-04-26,1054,Product_53,4,Grocery,422,30.53,7.1,No,No,26.9,5,4,2025,399,11968.92
2024-03-11,1038,Product_55,4,Grocery,446,466.87,19.2,Yes,No,9.0,0,3,2024,317,168245.01
2026-02-07,1054,Product_26,12,Electronics,298,209.73,10.3,No,No,39.9,5,2,2026,337,56062.09
2024-08-15,1096,Product_45,13,Toys,223,393.04,0.1,No,No,27.9,3,8,2024,420,87560.27
2023-03-21,1089,Product_20,1,Grocery,866,211.08,38.7,Yes,No,21.6,1,3,2023,491,112053.51
2025-03-08,1021,Product_44,4,Electronics,315,468.99,34.6,No,No,34.0,5,3,2025,292,96616.63
2023-09-04,1097,Product_30,10,Clothing,347,148.78,20.5,Yes,Yes,21.5,0,9,2023,226,41043.19
2024-03-12,1043,Product_4,11,Toys,216,209.05,10.2,No,No,19.9,1,3,2024,330,40549.01
2022-07-25,1070,Product_25,14,Grocery,774,380.64,27.7,Yes,Yes,5.7,0,7,2022,373,213006.91
2022-06-29,1076,Product_28,8,Toys,425,175.12,17.4,Yes,No,25.5,2,6,2022,493,61475.88
2024-05-12,1048,Product_16,1,Home,354,185.36,32.1,No,No,11.9,6,5,2024,352,44554.24
2022-10-08,1045,Product_23,13,Home,586,497.44,40.0,Yes,No,-3.1,5,10,2022,477,174899.9
2026-02-05,1045,Product_30,3,Grocery,401,280.03,14.0,No,No,31.7,3,2,2026,368,96571.15
2025-07-07,1086,Product_3,2,Electronics,516,346.24,9.8,Yes,No,-2.7,0,7,2025,476,161151.18
2024-11-17,1038,Product_9,10,Grocery,467,323.51,10.7,No,No,25.3,6,11,2024,378,134913.7
2025-01-07,1027,Product_46,9,Toys,251,414.82,3.7,No,No,2.1,1,1,2025,443,100267.39
2024-06-11,1036,Product_21,1,Home,66,431.6,15.8,No,No,14.5,1,6,2024,103,23984.88
2022-04-01,1019,Product_36,3,Home,486,283.81,0.7,Yes,No,33.7,4,4,2022,496,136966.14
2023-08-12,1039,Product_34,9,Toys,140,150.81,4.6,Yes,No,-0.8,5,8,2023,181,20142.18
2024-01-14,1011,Product_33,4,Grocery,476,16.29,10.9,No,No,25.0,6,1,2024,400,6908.85
2025-10-04,1008,Product_25,10,Grocery,207,309.13,6.4,No,No,22.6,5,10,2025,202,59894.56
2022-11-26,1072,Product_29,6,Toys,190,413.61,29.3,No,No,34.0,5,11,2022,234,55560.23
2024-01-16,1007,Product_49,9,Clothing,330,228.02,4.2,Yes,No,2.8,1,1,2024,376,72086.24
2023-06-01,1056,Product_57,7,Grocery,554,86.53,34.6,Yes,No,31.0,3,6,2023,274,31351.2
2022-07-21,1077,Product_16,6,Grocery,379,147.6,8.8,No,No,15.3,3,7,2022,360,51017.64
2022-06-04,1072,Product_40,5,Toys,34,257.44,4.3,No,No,14.3,5,6,2022,48,8376.58
2023-07-03,1044,Product_58,10,Electronics,360,419.16,0.4,No,No,11.3,0,7,2023,418,150294.01
2022-05-04,1019,Product_1,8,Electronics,311,90.02,28.6,Yes,No,12.4,2,5,2022,210,19989.3
2022-04-11,1093,Product_47,9,Home,465,308.01,10.3,Yes,No,18.4,0,4,2022,396,128472.51
2023-06-11,1083,Product_30,9,Electronics,143,377.92,20.4,No,No,-0.2,6,6,2023,149,43017.88
2022-10-30,1061,Product_58,3,Electronics,253,468.34,4.5,No,No,14.1,6,10,2022,302,113157.97
2024-04-12,1008,Product_35,13,Toys,503,62.77,39.4,Yes,Yes,24.3,4,4,2024,298,19133.43
2022-01-27,1003,Product_50,8,Clothing,29,463.56,5.0,No,No,17.4,3,1,2022,78,12771.08
2023-03-29,1031,Product_10,11,Home,255,302.73,16.5,No,Yes,2.5,2,3,2023,242,64458.79
2023-11-11,1015,Product_9,13,Clothing,385,384.52,34.1,No,Yes,11.3,5,11,2023,321,97558.49
2025-12-15,1086,Product_55,13,Electronics,409,31.62,9.8,No,No,14.9,0,12,2025,419,11665.19
2024-08-09,1020,Product_32,10,Electronics,366,255.54,10.7,No,No,25.1,4,8,2024,444,83520.18
2025-08-14,1028,Product_33,12,Home,217,313.2,32.3,No,No,35.5,3,8,2025,198,46011.9
2023-05-30,1097,Product_11,7,Electronics,317,156.88,10.9,No,No,19.8,1,5,2023,325,44310.29
2023-11-06,1081,Product_14,11,Clothing,111,218.67,0.1,No,No,25.4,0,11,2023,95,24248.1
2023-09-23,1021,Product_49,5,Grocery,692,279.38,17.1,Yes,No,-1.5,5,9,2023,448,160271.37
2025-08-24,1038,Product_18,10,Grocery,446,278.51,0.5,No,No,38.0,6,8,2025,435,123594.38
2025-12-09,1051,Product_35,2,Toys,421,25.72,36.4,No,No,9.2,1,12,2025,499,6886.68
2025-12-14,1066,Product_19,13,Home,257,222.54,25.7,No,No,10.9,6,12,2025,248,42494.24
2025-02-01,1093,Product_16,4,Home,183,110.84,23.3,No,No,5.0,5,2,2025,186,15557.61
2024-01-25,1087,Product_10,10,Grocery,369,458.76,8.1,No,No,-1.2,3,1,2024,381,155570.56
2024-03-22,1097,Product_55,1,Grocery,430,488.41,28.0,No,No,30.6,4,3,2024,364,151211.74
2026-01-10,1004,Product_56,3,Home,128,153.33,27.1,No,No,5.8,5,1,2026,113,14307.53
2023-03-03,1023,Product_7,14,Electronics,249,91.72,2.4,No,No,7.7,4,3,2023,274,22290.16
2023-06-05,1056,Product_21,12,Grocery,394,113.65,35.2,No,No,3.2,0,6,2023,325,29016.21
2025-09-07,1004,Product_34,4,Home,220,241.49,23.2,No,No,38.9,6,9,2025,232,40802.15
2023-08-03,1035,Product_23,2,Home,233,437.88,31.7,Yes,No,30.1,3,8,2023,191,69683.79
2022-12-19,1015,Product_43,12,Electronics,194,252.52,10.5,No,Yes,36.8,0,12,2022,127,43845.05
2024-04-20,1093,Product_16,14,Home,219,32.42,4.9,No,No,33.8,5,4,2024,211,6752.08
2023-05-04,1006,Product_4,3,Clothing,184,24.74,28.1,Yes,No,35.8,3,5,2023,130,3273.0
2025-08-29,1014,Product_20,10,Grocery,210,117.56,31.8,No,No,16.6,4,8,2025,157,16836.94
2025-09-25,1019,Product_36,4,Home,50,422.17,15.4,No,No,2.7,3,9,2025,100,17857.79
2023-04-05,1014,Product_11,11,Toys,154,312.63,0.9,Yes,No,9.7,2,4,2023,194,47711.71
2024-03-05,1056,Product_49,6,Clothing,483,283.66,32.7,Yes,Yes,8.2,1,3,2024,319,92206.24
2026-01-15,1036,Product_1,2,Grocery,317,162.89,8.2,Yes,No,27.3,3,1,2026,195,47401.97
2025-01-18,1091,Product_4,5,Grocery,178,465.07,13.6,No,Yes,-3.8,5,1,2025,79,71524.05
2022-11-20,1026,Product_31,8,Clothing,322,168.93,25.1,No,No,1.4,6,11,2022,402,40742.2
2024-06-05,1053,Product_31,12,Electronics,196,418.3,4.0,No,No,25.7,2,6,2024,221,78707.33
2024-07-18,1066,Product_18,1,Clothing,282,448.47,2.9,Yes,No,0.6,3,7,2024,296,122800.95
2024-09-07,1062,Product_16,14,Electronics,308,244.25,1.0,Yes,No,-2.8,5,9,2024,266,74476.71
2022-02-07,1079,Product_5,10,Electronics,223,447.67,36.7,No,No,-0.1,0,2,2022,258,63192.65
2023-03-26,1020,Product_40,13,Clothing,215,142.02,12.5,Yes,No,26.1,6,3,2023,224,26717.51
2025-07-05,1050,Product_23,14,Home,329,330.92,26.4,No,No,1.3,5,7,2025,380,80130.29
2022-12-29,1080,Product_8,3,Toys,360,48.54,39.6,No,No,1.6,3,12,2022,428,10554.54
2023-03-26,1086,Product_24,2,Electronics,478,239.6,26.8,No,No,5.4,6,3,2023,452,83835.08
2023-04-29,1061,Product_56,11,Grocery,222,112.58,21.0,No,No,28.8,5,4,2023,227,19744.28
2022-09-24,1065,Product_16,3,Clothing,165,36.07,20.8,No,No,4.0,5,9,2022,177,4713.63
2022-08-22,1086,Product_53,3,Clothing,84,6.84,15.1,No,No,-3.4,0,8,2022,50,487.8
2023-06-05,1062,Product_16,7,Toys,172,165.75,24.0,No,No,35.8,0,6,2023,226,21666.84
2025-08-04,1094,Product_11,13,Home,900,296.82,38.4,Yes,Yes,34.4,0,8,2025,496,164557.01
2022-01-03,1012,Product_16,12,Clothing,163,230.34,31.5,Yes,No,3.3,0,1,2022,137,25718.61
2023-03-01,1034,Product_20,8,Electronics,389,154.38,17.0,No,No,6.9,2,3,2023,424,49844.67
2022-04-01,1011,Product_8,3,Electronics,335,495.64,13.3,No,No,3.5,4,4,2022,380,143956.16
2024-04-22,1009,Product_35,5,Electronics,355,470.06,35.3,No,No,27.4,0,4,2024,333,107965.73
2023-01-11,1047,Product_20,10,Home,320,67.2,5.4,Yes,No,6.3,2,1,2023,286,20342.78
2025-04-02,1022,Product_43,3,Grocery,677,210.48,34.0,Yes,No,36.9,2,4,2025,380,94046.67
2024-05-27,1040,Product_29,8,Grocery,110,326.18,10.2,No,Yes,32.2,0,5,2024,58,32220.06
2025-03-21,1043,Product_27,1,Home,102,368.08,28.6,No,No,21.5,4,3,2025,72,26806.53
2024-08-10,1062,Product_28,5,Toys,86,186.35,32.2,No,No,-4.6,5,8,2024,105,10865.7
2023-10-20,1094,Product_10,4,Clothing,282,374.41,19.1,No,No,34.8,4,10,2023,385,85417.15
2025-07-15,1084,Product_43,10,Toys,195,66.45,7.7,Yes,No,27.7,1,7,2025,221,11960.0
2023-12-16,1037,Product_7,13,Home,136,169.25,33.8,No,No,30.5,5,12,2023,111,15237.92
2025-11-25,1032,Product_43,3,Home,45,359.63,14.7,No,No,-1.8,1,11,2025,31,13804.4
2026-02-01,1077,Product_59,12,Toys,141,314.71,12.8,No,No,26.9,6,2,2026,249,38694.22
2024-06-02,1012,Product_46,10,Electronics,240,419.42,20.4,No,No,31.2,6,6,2024,205,80126.0
2024-10-08,1054,Product_27,14,Home,130,28.19,17.4,No,No,38.0,1,10,2024,97,3027.04
2023-01-19,1042,Product_19,13,Toys,41,91.32,27.3,Yes,No,21.1,3,1,2023,21,2721.98
2025-05-06,1018,Product_52,2,Toys,314,29.0,5.5,No,Yes,17.9,1,5,2025,379,8605.17
2024-10-04,1061,Product_16,11,Clothing,349,100.1,17.4,No,No,14.1,4,10,2024,391,28856.23
2025-09-15,1032,Product_29,9,Home,140,7.12,35.7,No,No,26.6,0,9,2025,130,640.94
2023-02-05,1018,Product_46,2,Toys,179,254.58,1.4,No,No,36.4,6,2,2023,251,44931.84
2025-03-27,1065,Product_55,4,Toys,88,266.52,18.3,No,No,22.0,3,3,2025,134,19161.72
2023-12-07,1017,Product_55,13,Toys,227,330.66,26.4,Yes,No,5.2,3,12,2023,210,55244.03
2022-10-05,1067,Product_6,8,Toys,85,195.53,35.5,No,Yes,-4.2,2,10,2022,63,10719.93
2022-09-14,1016,Product_53,5,Grocery,657,6.59,23.8,No,No,22.9,2,9,2022,473,3299.18
2024-04-23,1043,Product_7,5,Home,428,338.58,33.0,Yes,No,33.9,1,4,2024,363,97091.2
2023-04-25,1080,Product_35,12,Clothing,493,31.87,8.9,No,Yes,-2.0,1,4,2023,451,14313.55
2022-06-02,1022,Product_55,4,Toys,154,433.75,14.1,No,Yes,12.9,3,6,2022,154,57379.05
2023-10-03,1076,Product_39,3,Toys,367,16.21,37.7,No,No,37.3,1,10,2023,437,3706.27
2024-09-06,1072,Product_56,9,Toys,226,267.59,35.4,No,No,17.6,4,9,2024,263,39067.07
2023-04-24,1090,Product_21,14,Clothing,112,447.98,22.3,No,Yes,4.9,0,4,2023,107,38985.01
2025-12-04,1016,Product_19,3,Clothing,150,288.38,19.0,No,No,10.9,3,12,2025,172,35038.17
2025-03-15,1071,Product_20,4,Electronics,418,306.17,18.0,No,No,13.4,5,3,2025,407,104942.83
2024-02-09,1093,Product_21,7,Home,283,342.4,2.4,No,No,0.3,4,2,2024,389,94573.62
2025-11-02,1076,Product_41,3,Clothing,461,65.59,35.7,Yes,No,24.7,6,11,2025,362,19442.38
2023-10-12,1018,Product_27,10,Clothing,156,339.09,32.7,No,Yes,21.6,3,10,2023,120,35600.38
2022-07-29,1082,Product_44,4,Home,287,440.78,18.3,No,No,24.1,4,7,2022,327,103353.65
2022-02-23,1010,Product_25,2,Toys,284,487.24,11.2,No,No,22.5,2,2,2022,471,122878.03
2025-11-08,1058,Product_19,4,Electronics,32,224.31,13.7,No,No,-4.2,5,11,2025,33,6194.54
2025-12-10,1049,Product_12,14,Clothing,162,175.53,4.9,Yes,No,2.9,2,12,2025,167,27042.5
2025-01-13,1053,Product_33,14,Home,58,377.89,28.9,No,No,2.5,0,1,2025,49,15583.43
2022-06-04,1051,Product_54,8,Toys,62,273.72,22.3,Yes,No,-0.6,5,6,2022,60,13186.19
2023-03-17,1003,Product_51,6,Home,782,132.37,9.4,Yes,Yes,28.1,4,3,2023,498,93783.09
2022-03-03,1050,Product_15,12,Home,234,90.22,24.9,No,Yes,0.4,3,3,2022,127,15854.72
2022-03-18,1093,Product_29,3,Toys,130,89.26,39.2,Yes,No,25.1,4,3,2022,97,7055.11
2023-01-05,1043,Product_42,10,Toys,27,232.29,4.9,No,No,3.0,3,1,2023,46,5964.51
2024-05-08,1027,Product_37,10,Home,428,89.21,18.3,No,No,0.3,2,5,2024,490,31194.6
2022-04-09,1099,Product_4,10,Grocery,529,14.76,19.8,No,Yes,2.3,5,4,2022,239,6262.05
2026-01-16,1009,Product_35,4,Clothing,289,30.78,6.7,No,No,17.9,4,1,2026,397,8299.43
2023-11-14,1048,Product_3,11,Home,120,465.29,21.3,No,No,24.0,1,11,2023,132,43941.99
2023-01-31,1051,Product_7,9,Electronics,359,41.12,24.2,No,No,31.5,1,1,2023,324,11189.66
2024-02-14,1047,Product_39,13,Home,363,41.22,6.3,No,No,0.8,2,2,2024,444,14020.2
2025-03-31,1092,Product_7,3,Clothing,235,228.34,6.2,No,No,22.7,0,3,2025,338,50332.99
2023-04-14,1042,Product_21,9,Toys,199,126.32,34.3,No,No,29.8,4,4,2023,263,16515.46
2022-03-13,1097,Product_35,12,Grocery,108,481.53,12.5,No,No,9.1,6,3,2022,113,45504.58
2022-03-18,1006,Product_39,4,Toys,74,455.94,25.2,No,No,-1.4,4,3,2022,124,25237.19
2025-07-01,1073,Product_27,11,Clothing,519,205.35,25.1,Yes,Yes,2.0,1,7,2025,302,79825.91
2022-06-17,1059,Product_6,2,Clothing,279,227.12,33.6,Yes,No,-0.9,4,6,2022,231,42075.34
2024-08-11,1024,Product_48,11,Home,41,190.68,29.6,No,No,34.9,6,8,2024,32,5503.79
2023-07-31,1022,Product_57,9,Clothing,183,23.74,33.6,No,Yes,12.0,0,7,2023,106,2884.69
2025-03-12,1071,Product_53,3,Toys,180,149.96,25.0,No,No,18.6,2,3,2025,221,20244.6
2022-04-01,1063,Product_45,1,Electronics,160,65.72,18.0,No,Yes,29.6,4,4,2022,97,8622.46
2025-09-08,1061,Product_24,11,Home,283,55.67,15.7,No,No,11.7,0,9,2025,281,13281.14
2024-11-13,1005,Product_52,4,Toys,89,282.63,15.2,No,No,24.2,2,11,2024,157,21330.65
2023-11-05,1059,Product_29,7,Grocery,244,53.89,16.7,No,No,-1.5,6,11,2023,152,10953.25
2022-11-07,1098,Product_9,1,Grocery,100,55.95,5.2,No,No,16.6,0,11,2022,63,5304.06
2026-01-05,1001,Product_51,14,Clothing,266,242.85,17.0,Yes,No,-0.7,0,1,2026,256,53616.42
2023-03-30,1046,Product_19,8,Home,112,223.93,15.6,Yes,No,6.2,3,3,2023,102,21167.66
2024-01-06,1049,Product_56,14,Toys,176,73.13,1.4,No,No,8.2,5,1,2024,318,12690.69
2023-08-15,1089,Product_22,3,Home,467,7.2,11.0,Yes,No,27.3,1,8,2023,469,2992.54
2022-12-12,1028,Product_52,3,Home,440,100.52,30.1,No,No,25.3,0,12,2022,456,30915.93
2023-09-17,1047,Product_32,9,Clothing,310,121.77,23.1,No,No,28.6,6,9,2023,336,29028.75
2022-08-16,1071,Product_28,9,Home,463,401.12,32.2,Yes,No,-2.2,1,8,2022,405,125917.18
2022-01-03,1006,Product_18,12,Grocery,621,458.14,21.7,Yes,No,39.7,0,1,2022,461,222767.37
2023-03-11,1080,Product_50,13,Clothing,306,205.94,34.2,No,No,-2.6,5,3,2023,344,41465.61
2022-06-18,1082,Product_4,12,Electronics,154,205.49,31.8,No,No,32.2,5,6,2022,135,21582.2
2023-09-15,1071,Product_28,2,Electronics,292,357.68,3.9,No,Yes,28.3,4,9,2023,255,100369.3
2025-07-18,1064,Product_22,5,Toys,414,315.33,39.1,Yes,No,21.6,4,7,2025,429,79502.89
2022-09-01,1074,Product_33,13,Toys,301,96.15,0.6,No,Yes,14.7,3,9,2022,337,28767.5
2022-01-02,1078,Product_16,8,Clothing,208,58.31,23.9,No,No,29.1,6,1,2022,187,9229.77
2022-06-16,1090,Product_40,13,Electronics,169,221.62,31.7,No,No,28.3,3,6,2022,92,25580.93
2024-02-02,1042,Product_23,8,Electronics,50,284.59,13.3,No,No,1.2,4,2,2024,80,12336.98
2023-02-17,1045,Product_12,1,Electronics,251,73.66,23.9,Yes,No,30.7,4,2,2023,194,14069.87
2024-01-05,1063,Product_12,7,Home,371,150.17,14.5,No,No,-1.5,4,1,2024,404,47634.67
2022-02-13,1019,Product_42,12,Grocery,292,156.44,2.4,No,No,17.5,6,2,2022,280,44584.15
2023-05-15,1085,Product_16,10,Grocery,87,134.34,0.3,No,No,24.0,0,5,2023,39,11652.52
2023-09-08,1077,Product_19,2,Toys,273,233.08,3.8,No,No,32.0,4,9,2023,460,61212.87
2023-10-09,1063,Product_37,3,Toys,183,328.27,3.9,Yes,No,15.8,0,10,2023,208,57730.55
2024-04-06,1030,Product_20,12,Home,276,257.15,24.4,Yes,No,5.7,5,4,2024,201,53655.89
2025-03-16,1034,Product_23,14,Grocery,683,104.72,21.0,Yes,No,17.1,6,3,2025,411,56503.77
2023-12-02,1043,Product_15,11,Clothing,172,55.95,18.2,No,No,6.3,5,12,2023,194,7871.94
2025-06-15,1066,Product_21,2,Grocery,679,411.83,27.7,Yes,Yes,18.8,6,6,2025,312,202174.35
